,NU_ANO,TP_SEXO,TP_ESTADO_CIVIL,TP_COR_RACA,TP_NACIONALIDADE,TP_ST_CONCLUSAO,TP_ESCOLA,TP_ENSINO,CO_MUNICIPIO_ESC,NO_MUNICIPIO_ESC,CO_UF_ESC,SG_UF_ESC,NU_NOTA_CN,NU_NOTA_CH,NU_NOTA_LC,NU_NOTA_MT,NU_NOTA_REDACAO
0,2019,F,1,0,1,2,2,1.0,2507507.0,João Pessoa,25.0,PB,419.5,540.9,495.8,444.6,480.0
1,2019,F,1,1,1,2,2,1.0,2507507.0,João Pessoa,25.0,PB,557.8,608.6,633.6,633.3,760.0
2,2019,F,1,2,1,2,2,1.0,2507507.0,João Pessoa,25.0,PB,522.1,582.6,583.9,619.1,880.0
3,2019,F,1,3,1,2,2,1.0,2507507.0,João Pessoa,25.0,PB,483.1,487.4,511.3,591.8,460.0
4,2019,M,1,3,1,2,2,1.0,2507507.0,João Pessoa,25.0,PB,419.4,525.9,558.1,405.3,580.0
5,2019,F,1,1,1,2,2,1.0,2507507.0,João Pessoa,25.0,PB,520.5,526.8,530.2,621.1,740.0
6,2019,M,1,3,1,2,2,1.0,2507507.0,João Pessoa,25.0,PB,463.5,452.1,449.6,489.5,640.0
7,2019,F,1,0,1,2,2,1.0,2507507.0,João Pessoa,25.0,PB,637.8,616.7,617.5,648.5,840.0
8,2019,F,1,1,1,2,2,1.0,2507507.0,João Pessoa,25.0,PB,449.2,464.9,496.3,430.6,700.0
9,2019,F,1,3,1,2,2,1.0,2507507.0,João Pessoa,25.0,PB,482.5,524.5,515.4,404.5,900.0
10,2019,F,1,2,1,2,2,1.0,2507507.0,João Pessoa,25.0,PB,566.0,596.8,610.6,521.9,660.0
11,2019,F,1,3,1,2,2,1.0,2507507.0,João Pessoa,25.0,PB,489.6,522.8,501.9,505.6,620.0
12,2019,F,1,3,1,2,2,1.0,2507507.0,João Pessoa,25.0,PB,443.5,572.7,575.7,562.6,840.0
13,2019,M,1,2,1,2,2,1.0,2507507.0,João Pessoa,25.0,PB,481.7,519.3,535.6,569.7,520.0
14,2019,F,1,3,1,2,2,1.0,2507507.0,João Pessoa,25.0,PB,383.2,542.3,486.4,500.7,600.0
15,2019,M,1,2,1,2,2,1.0,2507507.0,João Pessoa,25.0,PB,455.6,387.8,495.8,466.2,480.0
16,2019,F,1,3,1,2,2,1.0,2507507.0,João Pessoa,25.0,PB,417.2,507.9,539.3,535.8,660.0
17,2019,M,1,3,1,2,2,1.0,2507507.0,João Pessoa,25.0,PB,418.9,492.5,531.9,549.9,600.0
18,2019,M,1,3,1,2,2,1.0,2507507.0,João Pessoa,25.0,PB,425.7,402.3,464.8,539.6,440.0
19,2019,M,1,1,1,2,2,1.0,2507507.0,João Pessoa,25.0,PB,522.0,632.5,579.5,721.1,680.0
20,2019,F,1,3,1,2,2,1.0,2507507.0,João Pessoa,25.0,PB,434.5,449.3,491.8,427.1,600.0
21,2019,F,1,2,1,2,2,1.0,2507507.0,João Pessoa,25.0,PB,435.8,457.0,489.7,487.2,700.0
22,2019,M,1,3,1,2,2,1.0,2507507.0,João Pessoa,25.0,PB,526.7,610.6,608.8,624.9,720.0
23,2019,F,1,3,1,2,2,1.0,2507507.0,João Pessoa,25.0,PB,409.1,432.6,492.1,503.8,480.0
24,2019,M,1,3,1,2,2,1.0,2507507.0,João Pessoa,25.0,PB,448.0,530.1,481.2,521.0,580.0
25,2019,M,1,1,1,2,2,1.0,2507507.0,João Pessoa,25.0,PB,549.6,570.6,573.3,607.7,520.0
26,2019,F,1,3,1,2,2,1.0,2507507.0,João Pessoa,25.0,PB,398.0,468.8,508.2,510.3,680.0
27,2019,M,1,1,1,2,2,1.0,2507507.0,João Pessoa,25.0,PB,437.8,415.4,499.5,440.7,600.0
28,2019,F,1,1,1,2,2,1.0,2507507.0,João Pessoa,25.0,PB,423.8,560.7,568.3,385.8,540.0
29,2019,M,1,3,1,2,2,1.0,2507507.0,João Pessoa,25.0,PB,527.7,481.7,536.1,616.9,600.0
30,2019,M,1,0,1,2,2,1.0,2507507.0,João Pessoa,25.0,PB,549.8,587.6,562.7,483.0,600.0
31,2019,M,1,1,1,2,2,1.0,2507507.0,João Pessoa,25.0,PB,591.0,582.0,574.7,669.8,580.0
32,2019,M,1,4,1,2,2,1.0,2507507.0,João Pessoa,25.0,PB,535.0,561.2,566.6,517.8,760.0
33,2019,F,1,2,1,2,2,1.0,2507507.0,João Pessoa,25.0,PB,440.6,492.7,528.5,482.7,640.0
34,2019,F,1,2,1,2,2,1.0,2507507.0,João Pessoa,25.0,PB,437.8,524.2,520.9,501.3,920.0
35,2019,F,0,3,1,2,2,1.0,2507507.0,João Pessoa,25.0,PB,534.6,572.3,593.0,603.4,620.0
36,2019,F,1,2,1,2,2,1.0,2507507.0,João Pessoa,25.0,PB,524.8,650.4,605.7,719.2,960.0
37,2019,F,1,2,1,2,2,1.0,2507507.0,João Pessoa,25.0,PB,423.6,527.6,541.0,481.7,760.0
38,2019,F,1,3,1,2,2,1.0,2507507.0,João Pessoa,25.0,PB,357.6,355.2,530.7,517.0,580.0
39,2019,M,1,3,1,2,2,1.0,2507507.0,João Pessoa,25.0,PB,354.8,557.0,587.3,565.7,880.0
40,2019,M,1,1,1,2,2,1.0,2507507.0,João Pessoa,25.0,PB,369.2,551.4,510.2,394.4,0.0
41,2019,F,1,3,1,2,2,1.0,2507507.0,João Pessoa,25.0,PB,345.2,400.9,495.9,377.5,700.0
42,2019,F,1,3,1,2,2,1.0,2507507.0,João Pessoa,25.0,PB,520.0,580.4,541.6,625.7,920.0
43,2019,F,1,3,1,2,2,1.0,2507507.0,João Pessoa,25.0,PB,456.6,537.0,533.7,408.4,780.0
44,2019,F,1,3,1,2,2,1.0,2507507.0,João Pessoa,25.0,PB,403.7,543.6,557.4,525.3,600.0
45,2019,M,1,3,1,2,2,1.0,2507507.0,João Pessoa,25.0,PB,430.0,537.8,531.7,586.0,760.0
46,2019,F,1,3,1,2,2,1.0,2507507.0,João Pessoa,25.0,PB,610.4,623.4,632.7,749.5,840.0
47,2019,F,1,4,1,2,2,1.0,2507507.0,João Pessoa,25.0,PB,379.0,527.6,544.4,509.1,640.0
48,2019,M,1,3,1,2,2,1.0,2507507.0,João Pessoa,25.0,PB,437.2,622.4,575.6,598.2,720.0
49,2019,F,1,3,1,2,2,1.0,2507507.0,João Pessoa,25.0,PB,528.7,492.4,528.1,498.3,640.0
50,2019,M,1,1,1,2,2,1.0,2507507.0,João Pessoa,25.0,PB,402.2,357.2,410.8,398.7,440.0
51,2019,M,1,3,1,2,2,1.0,2507507.0,João Pessoa,25.0,PB,548.9,600.6,577.6,723.0,820.0
52,2019,M,1,1,1,2,2,1.0,2507507.0,João Pessoa,25.0,PB,533.7,595.2,544.3,729.2,660.0
53,2019,F,1,1,1,2,2,1.0,2507507.0,João Pessoa,25.0,PB,585.3,663.8,625.7,745.2,880.0
54,2019,F,1,1,1,2,2,1.0,2507507.0,João Pessoa,25.0,PB,558.9,515.3,546.5,617.0,860.0
55,2019,F,1,2,1,2,2,1.0,2507507.0,João Pessoa,25.0,PB,341.9,468.0,509.6,422.4,0.0
56,2019,F,1,3,1,2,2,1.0,2507507.0,João Pessoa,25.0,PB,373.1,508.2,511.1,456.7,840.0
57,2019,F,1,1,1,2,2,1.0,2507507.0,João Pessoa,25.0,PB,477.3,543.3,552.3,593.5,680.0
58,2019,F,1,1,1,2,2,1.0,2507507.0,João Pessoa,25.0,PB,474.8,449.8,558.2,602.1,680.0
59,2019,M,1,1,1,2,2,1.0,2507507.0,João Pessoa,25.0,PB,521.0,505.3,576.4,592.6,640.0
60,2019,F,1,3,1,2,2,1.0,2507507.0,João Pessoa,25.0,PB,452.1,507.4,544.8,505.7,780.0
61,2019,M,1,3,1,2,2,1.0,2507507.0,João Pessoa,25.0,PB,363.6,479.0,412.9,412.2,320.0
62,2019,F,1,0,1,2,2,1.0,2507507.0,João Pessoa,25.0,PB,440.5,602.6,589.3,608.2,680.0
63,2019,F,1,3,1,2,2,1.0,2507507.0,João Pessoa,25.0,PB,580.7,629.0,573.3,595.6,960.0
64,2019,F,1,3,1,2,2,1.0,2507507.0,João Pessoa,25.0,PB,510.1,532.6,491.9,504.6,600.0
65,2019,F,1,1,1,2,2,1.0,2507507.0,João Pessoa,25.0,PB,419.7,450.5,504.0,524.4,680.0
66,2019,F,1,2,1,2,2,1.0,2507507.0,João Pessoa,25.0,PB,435.1,491.7,480.7,371.2,580.0
67,2019,M,1,1,1,2,2,1.0,2507507.0,João Pessoa,25.0,PB,547.8,602.1,589.0,667.2,900.0
68,2019,F,1,1,1,2,2,1.0,2507507.0,João Pessoa,25.0,PB,584.8,628.8,640.2,698.3,880.0
69,2019,F,1,1,1,2,2,1.0,2507507.0,João Pessoa,25.0,PB,517.5,502.1,510.8,558.2,760.0
70,2019,M,1,2,1,2,2,1.0,2507507.0,João Pessoa,25.0,PB,574.5,530.3,553.2,571.9,720.0
71,2019,F,1,3,1,2,2,1.0,2507507.0,João Pessoa,25.0,PB,438.7,576.4,551.9,520.1,880.0
72,2019,F,1,3,1,2,2,1.0,2507507.0,João Pessoa,25.0,PB,443.1,558.0,541.2,627.8,800.0
73,2019,M,1,1,1,2,2,1.0,2507507.0,João Pessoa,25.0,PB,429.4,439.9,486.2,594.1,700.0
74,2019,F,1,2,1,2,2,1.0,2507507.0,João Pessoa,25.0,PB,489.6,542.1,529.5,552.8,620.0
75,2019,F,1,1,1,2,2,1.0,2507507.0,João Pessoa,25.0,PB,385.7,370.0,464.8,465.0,620.0
76,2019,M,1,3,1,2,2,1.0,2507507.0,João Pessoa,25.0,PB,615.0,677.7,629.0,699.6,840.0
77,2019,F,1,1,1,2,2,1.0,2507507.0,João Pessoa,25.0,PB,555.5,610.6,592.7,707.5,640.0
78,2019,F,1,3,1,2,2,1.0,2507507.0,João Pessoa,25.0,PB,378.5,512.7,495.2,390.1,480.0
79,2019,M,1,1,1,2,2,1.0,2507507.0,João Pessoa,25.0,PB,530.5,647.1,618.8,792.0,840.0
80,2019,M,1,3,1,2,2,1.0,2507507.0,João Pessoa,25.0,PB,483.4,462.0,417.2,400.3,360.0
81,2019,M,1,3,1,2,2,1.0,2507507.0,João Pessoa,25.0,PB,646.3,580.3,629.1,586.7,840.0
82,2019,F,1,3,1,2,2,1.0,2507507.0,João Pessoa,25.0,PB,462.8,399.7,489.4,470.9,440.0
83,2019,F,1,4,1,2,2,1.0,2507507.0,João Pessoa,25.0,PB,330.9,452.6,469.8,368.8,600.0
84,2019,F,1,1,1,2,2,1.0,2507507.0,João Pessoa,25.0,PB,530.7,538.7,501.5,582.9,520.0
85,2019,M,1,3,1,2,2,1.0,2507507.0,João Pessoa,25.0,PB,347.7,434.2,495.5,443.9,600.0
86,2019,F,1,3,1,2,2,1.0,2507507.0,João Pessoa,25.0,PB,448.9,449.1,466.3,493.2,540.0
87,2019,F,1,4,1,2,2,1.0,2507507.0,João Pessoa,25.0,PB,501.9,547.7,561.4,560.0,880.0
88,2019,M,1,3,1,2,2,1.0,2507507.0,João Pessoa,25.0,PB,568.5,521.1,540.5,679.2,580.0
89,2019,M,1,3,1,2,2,1.0,2507507.0,João Pessoa,25.0,PB,491.9,563.9,598.3,585.8,460.0
90,2019,F,1,2,1,2,2,1.0,2507507.0,João Pessoa,25.0,PB,604.0,581.3,641.9,607.0,760.0
91,2019,F,1,3,1,2,2,1.0,2507507.0,João Pessoa,25.0,PB,465.7,565.0,539.5,524.3,340.0
92,2019,F,1,3,1,2,2,1.0,2507507.0,João Pessoa,25.0,PB,428.1,425.8,523.0,462.6,600.0
93,2019,M,1,3,1,2,2,1.0,2507507.0,João Pessoa,25.0,PB,591.0,610.2,606.9,636.4,520.0
94,2019,M,1,2,1,2,2,1.0,2507507.0,João Pessoa,25.0,PB,635.4,640.4,635.6,768.0,780.0
95,2019,M,1,1,1,2,2,1.0,2507507.0,João Pessoa,25.0,PB,532.0,498.4,399.2,547.6,560.0
96,2019,F,1,1,1,2,2,1.0,2507507.0,João Pessoa,25.0,PB,432.6,547.2,541.8,526.4,740.0
97,2019,F,1,3,1,2,2,1.0,2507507.0,João Pessoa,25.0,PB,524.5,599.4,588.4,614.6,760.0
98,2019,M,1,3,1,2,2,1.0,2507507.0,João Pessoa,25.0,PB,466.9,384.7,501.7,368.5,260.0
99,2019,M,1,3,1,2,2,1.0,2507507.0,João Pessoa,25.0,PB,536.8,581.6,531.0,572.5,740.0
100,2019,M,1,3,1,2,2,1.0,2507507.0,João Pessoa,25.0,PB,486.8,564.8,544.2,671.6,640.0
101,2019,F,1,3,1,2,2,1.0,2507507.0,João Pessoa,25.0,PB,399.5,496.0,499.4,450.9,600.0
102,2019,F,1,1,1,2,2,1.0,2507507.0,João Pessoa,25.0,PB,337.9,527.7,504.0,490.7,520.0
103,2019,F,1,2,1,2,2,1.0,2507507.0,João Pessoa,25.0,PB,360.2,499.7,509.3,431.8,720.0
104,2019,F,1,1,1,2,2,1.0,2507507.0,João Pessoa,25.0,PB,457.9,551.2,525.3,415.3,680.0
105,2019,M,1,2,1,2,2,1.0,2507507.0,João Pessoa,25.0,PB,572.1,609.3,571.1,674.0,840.0
106,2019,M,1,3,1,2,2,1.0,2507507.0,João Pessoa,25.0,PB,509.4,393.4,334.5,463.2,580.0
107,2019,F,1,3,1,2,2,1.0,2507507.0,João Pessoa,25.0,PB,408.6,503.8,563.3,400.6,640.0
108,2019,M,1,3,1,2,2,1.0,2507507.0,João Pessoa,25.0,PB,573.1,617.3,608.0,684.0,780.0
109,2019,M,1,1,1,2,2,1.0,2507507.0,João Pessoa,25.0,PB,435.7,457.9,504.4,413.6,560.0
110,2019,M,3,2,1,2,2,1.0,2507507.0,João Pessoa,25.0,PB,473.4,512.6,544.2,388.2,540.0
111,2019,M,1,3,1,2,2,1.0,2507507.0,João Pessoa,25.0,PB,565.2,548.5,564.9,528.5,600.0
112,2019,F,1,3,1,2,2,1.0,2507507.0,João Pessoa,25.0,PB,418.4,556.4,575.5,516.8,580.0
113,2019,M,1,1,1,2,2,1.0,2507507.0,João Pessoa,25.0,PB,546.3,566.3,562.4,642.2,580.0
114,2019,M,1,3,1,2,2,1.0,2507507.0,João Pessoa,25.0,PB,436.3,427.3,494.3,408.7,320.0
115,2019,F,1,1,1,2,2,1.0,2507507.0,João Pessoa,25.0,PB,454.2,589.7,565.4,545.4,820.0
116,2019,M,1,0,1,2,2,1.0,2507507.0,João Pessoa,25.0,PB,567.8,611.5,586.0,603.6,760.0
117,2019,M,1,3,1,2,2,1.0,2507507.0,João Pessoa,25.0,PB,482.0,578.4,536.4,577.2,420.0
118,2019,F,1,1,1,2,2,1.0,2507507.0,João Pessoa,25.0,PB,480.6,426.2,471.9,452.0,500.0
119,2019,M,1,2,1,2,2,1.0,2507507.0,João Pessoa,25.0,PB,577.1,608.5,649.2,535.3,800.0
120,2019,M,1,3,1,2,2,1.0,2507507.0,João Pessoa,25.0,PB,367.4,566.6,540.7,539.8,480.0
121,2019,F,1,1,1,2,2,1.0,2507507.0,João Pessoa,25.0,PB,576.1,545.1,557.5,564.1,720.0
122,2019,F,1,1,1,2,2,1.0,2507507.0,João Pessoa,25.0,PB,390.8,538.3,526.2,674.1,600.0
123,2019,F,1,1,1,2,2,1.0,2507507.0,João Pessoa,25.0,PB,387.8,487.2,542.5,477.9,840.0
124,2019,F,1,3,1,2,2,1.0,2507507.0,João Pessoa,25.0,PB,451.2,369.4,477.5,405.2,620.0
125,2019,F,1,3,1,2,2,1.0,2507507.0,João Pessoa,25.0,PB,566.6,614.6,616.4,666.9,960.0
126,2019,F,1,3,1,2,2,1.0,2507507.0,João Pessoa,25.0,PB,359.4,453.7,497.0,477.8,640.0
127,2019,F,1,2,1,2,2,1.0,2507507.0,João Pessoa,25.0,PB,514.2,558.9,560.1,445.7,820.0
128,2019,F,1,1,1,2,2,1.0,2507507.0,João Pessoa,25.0,PB,437.3,452.9,492.5,377.8,440.0
129,2019,F,1,1,1,2,2,1.0,2507507.0,João Pessoa,25.0,PB,377.5,468.9,481.3,407.9,680.0
130,2019,M,1,1,1,2,2,1.0,2507507.0,João Pessoa,25.0,PB,490.1,557.5,485.4,628.3,740.0
131,2019,F,1,3,1,2,2,1.0,2507507.0,João Pessoa,25.0,PB,451.9,526.5,534.8,482.0,900.0
132,2019,F,1,1,1,2,2,1.0,2507507.0,João Pessoa,25.0,PB,426.2,507.1,506.3,455.8,620.0
133,2019,M,1,3,1,2,2,1.0,2507507.0,João Pessoa,25.0,PB,465.0,478.1,521.1,464.2,620.0
134,2019,F,1,3,1,2,2,1.0,2507507.0,João Pessoa,25.0,PB,428.2,427.4,450.0,461.7,540.0
135,2019,M,1,2,1,2,2,1.0,2507507.0,João Pessoa,25.0,PB,389.6,375.0,416.7,387.9,420.0
136,2019,M,1,2,1,2,2,1.0,2507507.0,João Pessoa,25.0,PB,468.5,405.9,429.0,496.8,640.0
137,2019,F,1,3,1,2,2,1.0,2507507.0,João Pessoa,25.0,PB,368.2,400.1,490.5,459.6,540.0
138,2019,F,1,1,1,2,2,1.0,2507507.0,João Pessoa,25.0,PB,529.4,572.6,560.3,595.3,760.0
139,2019,M,1,3,1,2,2,1.0,2507507.0,João Pessoa,25.0,PB,507.0,589.9,528.7,412.9,800.0
140,2019,F,1,1,1,2,2,1.0,2507507.0,João Pessoa,25.0,PB,534.6,560.7,494.0,491.7,900.0
141,2019,F,1,3,1,2,2,1.0,2507507.0,João Pessoa,25.0,PB,492.1,579.1,566.2,535.8,900.0
142,2019,F,1,1,1,2,2,1.0,2507507.0,João Pessoa,25.0,PB,424.2,451.4,517.3,466.8,740.0
143,2019,F,1,3,1,2,2,1.0,2507507.0,João Pessoa,25.0,PB,538.4,583.9,595.8,626.2,620.0
144,2019,F,1,4,1,2,2,1.0,2507507.0,João Pessoa,25.0,PB,434.7,540.6,484.4,416.8,500.0
145,2019,F,1,3,1,2,2,1.0,2507507.0,João Pessoa,25.0,PB,532.6,510.8,553.8,647.1,680.0
146,2019,M,1,1,1,2,2,1.0,2507507.0,João Pessoa,25.0,PB,498.3,502.4,547.4,469.3,520.0
147,2019,M,1,3,1,2,2,1.0,2507507.0,João Pessoa,25.0,PB,396.2,429.2,526.4,381.4,620.0
148,2019,F,1,2,1,2,2,1.0,2507507.0,João Pessoa,25.0,PB,495.9,476.1,481.2,450.0,700.0
149,2019,F,1,3,1,2,2,1.0,2507507.0,João Pessoa,25.0,PB,419.7,463.3,434.7,510.5,400.0
150,2019,F,1,3,1,2,2,1.0,2507507.0,João Pessoa,25.0,PB,362.5,476.2,487.5,375.8,520.0
151,2019,F,1,3,1,2,2,1.0,2507507.0,João Pessoa,25.0,PB,364.7,453.3,472.3,439.0,580.0
152,2019,F,1,1,1,2,2,1.0,2507507.0,João Pessoa,25.0,PB,520.1,555.1,572.1,435.8,600.0
153,2019,M,1,3,1,2,2,1.0,2507507.0,João Pessoa,25.0,PB,377.4,401.7,482.2,509.8,460.0
154,2019,F,1,1,1,2,2,1.0,2507507.0,João Pessoa,25.0,PB,448.5,519.2,522.2,498.3,560.0
155,2019,M,1,3,1,2,2,1.0,2507507.0,João Pessoa,25.0,PB,372.9,387.2,472.6,417.8,500.0
156,2019,F,1,2,1,2,2,1.0,2507507.0,João Pessoa,25.0,PB,395.2,405.0,472.8,403.0,460.0
157,2019,F,0,3,1,2,2,1.0,2507507.0,João Pessoa,25.0,PB,564.8,542.0,567.7,548.9,680.0
158,2019,F,1,3,1,2,2,1.0,2507507.0,João Pessoa,25.0,PB,379.9,396.6,439.2,430.3,440.0
159,2019,M,1,1,1,2,2,1.0,2507507.0,João Pessoa,25.0,PB,467.6,490.1,554.6,554.3,620.0
160,2019,F,1,1,1,2,2,1.0,2507507.0,João Pessoa,25.0,PB,506.0,529.3,562.1,503.3,540.0
161,2019,F,1,1,1,2,2,1.0,2507507.0,João Pessoa,25.0,PB,636.1,665.9,605.8,782.8,920.0
162,2019,M,1,3,1,2,2,1.0,2507507.0,João Pessoa,25.0,PB,572.5,541.4,560.9,543.3,840.0
163,2019,F,1,3,1,2,2,1.0,2507507.0,João Pessoa,25.0,PB,434.3,404.5,539.6,446.3,600.0
164,2019,F,1,2,1,2,2,1.0,2507507.0,João Pessoa,25.0,PB,476.8,485.4,560.0,548.6,560.0
165,2019,M,1,3,1,2,2,1.0,2507507.0,João Pessoa,25.0,PB,502.0,474.1,511.4,414.3,600.0
166,2019,F,1,3,1,2,2,1.0,2507507.0,João Pessoa,25.0,PB,530.4,563.2,527.5,512.8,760.0
167,2019,F,1,3,1,2,2,1.0,2507507.0,João Pessoa,25.0,PB,421.6,452.5,430.2,377.2,460.0
168,2019,F,1,3,1,2,2,1.0,2507507.0,João Pessoa,25.0,PB,429.7,535.0,565.9,470.5,500.0
169,2019,F,1,3,1,2,2,1.0,2507507.0,João Pessoa,25.0,PB,387.8,548.0,524.2,440.4,500.0
170,2019,F,1,3,1,2,2,1.0,2507507.0,João Pessoa,25.0,PB,496.4,587.6,595.6,503.7,640.0
171,2019,M,1,3,1,2,2,1.0,2507507.0,João Pessoa,25.0,PB,497.3,520.0,528.3,645.9,600.0
172,2019,M,1,3,1,2,2,1.0,2507507.0,João Pessoa,25.0,PB,491.6,554.1,560.8,508.8,660.0
173,2019,M,1,3,1,2,2,1.0,2507507.0,João Pessoa,25.0,PB,389.5,503.5,510.2,628.7,580.0
174,2019,F,1,1,1,2,2,1.0,2507507.0,João Pessoa,25.0,PB,558.4,628.3,593.6,518.7,840.0
175,2019,F,1,3,1,2,2,1.0,2507507.0,João Pessoa,25.0,PB,514.5,525.1,565.6,584.1,600.0
176,2019,F,1,2,1,2,2,1.0,2507507.0,João Pessoa,25.0,PB,440.2,438.4,480.5,460.5,320.0
177,2019,F,1,1,1,2,2,1.0,2507507.0,João Pessoa,25.0,PB,522.2,545.2,576.2,464.0,620.0
178,2019,F,1,3,1,2,2,1.0,2507507.0,João Pessoa,25.0,PB,464.4,565.8,564.3,700.1,820.0
179,2019,F,0,3,1,2,2,1.0,2507507.0,João Pessoa,25.0,PB,511.6,569.6,543.8,463.8,280.0
180,2019,F,1,3,1,2,2,1.0,2507507.0,João Pessoa,25.0,PB,502.5,513.0,520.4,535.1,660.0
181,2019,M,1,2,1,2,2,1.0,2507507.0,João Pessoa,25.0,PB,512.2,468.2,465.0,450.0,640.0
182,2019,F,1,3,1,2,2,1.0,2507507.0,João Pessoa,25.0,PB,373.8,465.6,418.2,429.3,0.0
183,2019,F,1,4,1,2,2,1.0,2507507.0,João Pessoa,25.0,PB,456.1,533.5,523.4,466.9,520.0
184,2019,F,1,1,1,2,2,1.0,2507507.0,João Pessoa,25.0,PB,529.9,612.9,607.9,589.4,520.0
185,2019,F,1,4,1,2,2,1.0,2507507.0,João Pessoa,25.0,PB,489.3,556.1,549.2,427.8,700.0
186,2019,F,1,3,1,2,2,1.0,2507507.0,João Pessoa,25.0,PB,466.3,481.4,485.4,539.8,680.0
187,2019,F,1,1,1,2,2,1.0,2507507.0,João Pessoa,25.0,PB,408.1,519.0,444.4,381.5,780.0
188,2019,F,1,3,1,2,2,1.0,2507507.0,João Pessoa,25.0,PB,509.8,432.0,513.8,456.8,680.0
189,2019,F,1,2,1,2,2,1.0,2507507.0,João Pessoa,25.0,PB,479.2,428.8,397.8,486.8,540.0
190,2019,F,1,3,1,2,2,1.0,2507507.0,João Pessoa,25.0,PB,396.2,412.4,491.0,389.6,560.0
191,2019,F,1,3,1,2,2,1.0,2507507.0,João Pessoa,25.0,PB,404.4,487.4,532.7,398.2,680.0
192,2019,F,1,3,1,2,2,1.0,2507507.0,João Pessoa,25.0,PB,593.3,618.8,598.5,472.0,780.0
193,2019,F,1,3,1,2,2,1.0,2507507.0,João Pessoa,25.0,PB,384.4,463.7,536.5,388.6,600.0
194,2019,M,1,3,1,2,2,1.0,2507507.0,João Pessoa,25.0,PB,554.4,573.6,573.2,624.4,500.0
195,2019,F,1,3,1,2,2,1.0,2507507.0,João Pessoa,25.0,PB,379.2,354.6,515.1,546.9,620.0
196,2019,M,1,2,1,2,2,1.0,2507507.0,João Pessoa,25.0,PB,426.4,506.6,427.6,398.5,540.0
197,2019,F,1,3,1,2,2,1.0,2507507.0,João Pessoa,25.0,PB,420.2,524.2,541.9,395.3,440.0
198,2019,M,1,1,1,2,2,1.0,2507507.0,João Pessoa,25.0,PB,601.4,579.1,531.7,699.5,940.0
199,2019,F,1,3,1,2,2,1.0,2507507.0,João Pessoa,25.0,PB,373.4,375.9,518.2,437.0,500.0
200,2019,F,1,3,1,2,2,1.0,2507507.0,João Pessoa,25.0,PB,426.6,514.0,553.2,435.2,700.0
201,2019,F,1,1,1,2,2,1.0,2507507.0,João Pessoa,25.0,PB,371.2,487.8,456.8,363.1,520.0
202,2019,F,1,1,1,2,2,1.0,2507507.0,João Pessoa,25.0,PB,422.6,486.6,494.4,487.0,600.0
203,2019,F,1,3,1,2,2,1.0,2507507.0,João Pessoa,25.0,PB,417.1,398.1,490.2,422.9,420.0
204,2019,M,1,1,1,2,2,1.0,2507507.0,João Pessoa,25.0,PB,583.4,620.4,568.1,716.3,760.0
205,2019,F,1,1,1,2,2,1.0,2507507.0,João Pessoa,25.0,PB,420.0,378.6,468.4,433.7,400.0
206,2019,F,1,3,1,2,2,1.0,2507507.0,João Pessoa,25.0,PB,392.8,520.0,534.2,399.7,680.0
207,2019,F,1,3,1,2,2,1.0,2507507.0,João Pessoa,25.0,PB,383.0,442.4,502.0,552.1,560.0
208,2019,F,1,1,1,2,2,1.0,2507507.0,João Pessoa,25.0,PB,508.9,560.6,566.9,565.9,680.0
209,2019,F,1,0,1,2,2,1.0,2507507.0,João Pessoa,25.0,PB,413.3,420.3,524.8,402.2,620.0
210,2019,F,1,5,1,2,2,1.0,2507507.0,João Pessoa,25.0,PB,377.0,440.8,400.7,492.1,0.0
211,2019,F,1,3,1,2,2,1.0,2507507.0,João Pessoa,25.0,PB,630.1,670.0,624.0,759.3,900.0
212,2019,F,1,3,1,2,2,1.0,2507507.0,João Pessoa,25.0,PB,363.3,424.1,502.2,441.6,940.0
213,2019,F,1,3,1,2,2,1.0,2507507.0,João Pessoa,25.0,PB,402.7,491.9,485.1,536.8,680.0
214,2019,F,1,3,1,2,2,1.0,2507507.0,João Pessoa,25.0,PB,617.3,619.7,578.6,647.7,920.0
215,2019,M,1,1,1,2,2,1.0,2507507.0,João Pessoa,25.0,PB,528.2,612.6,584.6,633.0,500.0
216,2019,M,1,2,1,2,2,1.0,2507507.0,João Pessoa,25.0,PB,407.8,462.7,502.5,388.7,600.0
217,2019,F,1,3,1,2,2,1.0,2507507.0,João Pessoa,25.0,PB,396.8,502.3,525.4,508.3,800.0
218,2019,F,1,1,1,2,2,1.0,2507507.0,João Pessoa,25.0,PB,530.6,341.2,549.8,427.7,780.0
219,2019,F,1,1,1,2,2,1.0,2507507.0,João Pessoa,25.0,PB,425.7,407.4,377.5,396.5,440.0
220,2019,F,1,3,1,2,2,1.0,2507507.0,João Pessoa,25.0,PB,346.4,428.1,511.1,423.9,240.0
221,2019,F,1,1,1,2,2,1.0,2507507.0,João Pessoa,25.0,PB,544.9,574.3,593.0,652.2,940.0
222,2019,F,1,0,1,2,2,1.0,2507507.0,João Pessoa,25.0,PB,459.3,443.5,416.9,416.2,620.0
223,2019,F,1,3,1,2,2,1.0,2507507.0,João Pessoa,25.0,PB,410.8,525.8,541.7,534.3,880.0
224,2019,F,1,2,1,2,2,1.0,2507507.0,João Pessoa,25.0,PB,426.2,472.8,456.8,615.8,600.0
225,2019,F,1,3,1,2,2,1.0,2507507.0,João Pessoa,25.0,PB,439.4,498.6,542.0,527.4,640.0
226,2019,F,1,1,1,2,2,1.0,2507507.0,João Pessoa,25.0,PB,610.8,619.6,595.6,621.4,760.0
227,2019,F,1,3,1,2,2,1.0,2507507.0,João Pessoa,25.0,PB,380.5,380.9,332.6,482.6,580.0
228,2019,M,1,3,1,2,2,1.0,2507507.0,João Pessoa,25.0,PB,462.9,477.8,413.5,391.5,420.0
229,2019,F,1,4,1,2,2,1.0,2507507.0,João Pessoa,25.0,PB,464.1,318.7,513.5,431.0,800.0
230,2019,M,1,2,1,2,2,1.0,2507507.0,João Pessoa,25.0,PB,598.7,699.5,640.0,787.6,940.0
231,2019,F,1,2,1,2,2,1.0,2507507.0,João Pessoa,25.0,PB,408.1,455.0,433.9,414.7,0.0
232,2019,M,1,3,1,2,2,1.0,2507507.0,João Pessoa,25.0,PB,380.5,410.4,515.6,529.8,480.0
233,2019,M,1,3,1,2,2,1.0,2507507.0,João Pessoa,25.0,PB,599.7,590.6,604.2,766.8,640.0
234,2019,M,1,2,1,2,2,1.0,2507507.0,João Pessoa,25.0,PB,547.9,598.6,590.0,526.9,760.0
235,2019,F,1,3,1,2,2,1.0,2507507.0,João Pessoa,25.0,PB,502.8,472.6,495.2,480.6,700.0
236,2019,F,1,3,1,2,2,1.0,2507507.0,João Pessoa,25.0,PB,572.4,578.3,603.8,534.2,560.0
237,2019,F,1,3,1,2,2,1.0,2507507.0,João Pessoa,25.0,PB,483.9,595.5,547.6,646.4,680.0
238,2019,M,1,5,1,2,2,1.0,2507507.0,João Pessoa,25.0,PB,448.8,581.9,492.0,421.2,620.0
239,2019,M,1,1,1,2,2,1.0,2507507.0,João Pessoa,25.0,PB,635.5,693.0,608.2,788.8,760.0
240,2019,F,1,3,1,2,2,1.0,2507507.0,João Pessoa,25.0,PB,389.2,467.2,515.8,447.2,320.0
241,2019,M,1,2,1,2,2,1.0,2507507.0,João Pessoa,25.0,PB,497.9,598.4,534.6,573.1,520.0
242,2019,F,1,0,1,2,2,1.0,2507507.0,João Pessoa,25.0,PB,379.6,475.2,450.6,406.4,400.0
243,2019,F,1,3,1,2,2,1.0,2507507.0,João Pessoa,25.0,PB,480.9,413.1,547.3,471.1,700.0
244,2019,F,1,2,1,2,2,1.0,2507507.0,João Pessoa,25.0,PB,458.5,524.6,525.5,389.3,540.0
245,2019,F,1,3,1,2,2,1.0,2507507.0,João Pessoa,25.0,PB,356.7,577.6,526.0,451.8,580.0
246,2019,F,1,3,1,2,2,1.0,2507507.0,João Pessoa,25.0,PB,418.1,576.7,533.7,465.9,680.0
247,2019,F,1,2,1,2,2,1.0,2507507.0,João Pessoa,25.0,PB,478.9,569.5,559.6,449.0,700.0
248,2019,F,1,2,1,2,2,1.0,2507507.0,João Pessoa,25.0,PB,433.7,519.4,514.4,496.0,600.0
249,2019,F,1,3,1,2,2,1.0,2507507.0,João Pessoa,25.0,PB,467.8,442.8,561.4,433.9,340.0
250,2019,M,1,3,1,2,2,1.0,2507507.0,João Pessoa,25.0,PB,408.5,469.6,528.9,473.2,500.0
251,2019,M,1,3,1,2,2,1.0,2507507.0,João Pessoa,25.0,PB,624.0,601.9,630.9,670.0,780.0
252,2019,F,1,3,1,2,2,1.0,2507507.0,João Pessoa,25.0,PB,676.5,657.6,623.2,748.9,920.0
253,2019,M,1,3,1,2,2,1.0,2507507.0,João Pessoa,25.0,PB,618.9,642.0,573.3,659.2,720.0
254,2019,F,1,1,1,2,2,1.0,2507507.0,João Pessoa,25.0,PB,373.0,377.0,472.9,377.3,480.0
255,2019,F,1,1,1,2,2,1.0,2507507.0,João Pessoa,25.0,PB,432.7,542.2,576.4,425.7,560.0
256,2019,F,1,3,1,2,2,1.0,2507507.0,João Pessoa,25.0,PB,449.6,427.3,471.9,472.6,480.0
257,2019,F,1,1,1,2,2,1.0,2507507.0,João Pessoa,25.0,PB,468.3,523.3,562.0,433.2,600.0
258,2019,M,1,1,1,2,2,1.0,2507507.0,João Pessoa,25.0,PB,522.1,529.1,592.5,616.5,680.0
259,2019,F,1,1,1,2,2,1.0,2507507.0,João Pessoa,25.0,PB,437.8,538.4,516.8,442.8,680.0
260,2019,F,1,4,1,2,2,1.0,2507507.0,João Pessoa,25.0,PB,447.1,576.3,505.6,619.7,680.0
261,2019,F,1,3,1,2,2,1.0,2507507.0,João Pessoa,25.0,PB,408.1,449.7,399.5,413.7,240.0
262,2019,M,1,1,1,2,2,1.0,2507507.0,João Pessoa,25.0,PB,419.9,488.3,387.4,564.0,860.0
263,2019,F,1,1,1,2,2,1.0,2507507.0,João Pessoa,25.0,PB,532.4,558.9,573.7,606.8,880.0
264,2019,M,1,3,1,2,2,1.0,2507507.0,João Pessoa,25.0,PB,474.6,523.5,465.2,431.4,660.0
265,2019,F,1,4,1,2,2,1.0,2507507.0,João Pessoa,25.0,PB,491.7,497.2,531.3,446.1,640.0
266,2019,F,1,3,1,2,2,1.0,2507507.0,João Pessoa,25.0,PB,338.4,476.0,482.9,416.7,580.0
267,2019,M,1,3,1,2,2,1.0,2507507.0,João Pessoa,25.0,PB,455.1,524.8,538.3,440.8,440.0
268,2019,F,1,2,1,2,2,1.0,2507507.0,João Pessoa,25.0,PB,492.3,502.1,543.8,411.5,520.0
269,2019,M,2,3,1,2,2,1.0,2507507.0,João Pessoa,25.0,PB,391.3,398.1,428.4,397.4,500.0
270,2019,M,2,1,1,2,2,1.0,2507507.0,João Pessoa,25.0,PB,441.3,456.8,456.0,388.1,0.0
271,2019,M,1,1,1,2,2,1.0,2507507.0,João Pessoa,25.0,PB,534.8,572.2,527.7,708.2,780.0
272,2019,M,1,1,1,2,2,1.0,2507507.0,João Pessoa,25.0,PB,518.4,564.1,511.7,467.6,580.0
273,2019,M,1,4,1,2,2,1.0,2507507.0,João Pessoa,25.0,PB,497.4,502.6,523.4,481.1,480.0
274,2019,F,1,4,1,2,2,1.0,2507507.0,João Pessoa,25.0,PB,498.2,462.6,519.6,505.9,600.0
275,2019,F,1,3,1,2,2,1.0,2507507.0,João Pessoa,25.0,PB,426.9,420.5,464.5,408.2,460.0
276,2019,F,1,3,1,2,2,1.0,2507507.0,João Pessoa,25.0,PB,555.9,614.7,575.5,567.5,660.0
277,2019,M,1,3,1,2,2,1.0,2507507.0,João Pessoa,25.0,PB,403.1,380.1,400.3,467.6,540.0
278,2019,F,1,1,1,2,2,1.0,2507507.0,João Pessoa,25.0,PB,418.0,547.1,526.7,436.5,580.0
279,2019,F,1,3,1,2,2,1.0,2507507.0,João Pessoa,25.0,PB,580.2,588.2,610.3,694.4,900.0
280,2019,F,1,1,1,2,2,1.0,2507507.0,João Pessoa,25.0,PB,472.5,506.3,565.8,433.6,780.0
281,2019,F,2,3,1,2,2,1.0,2507507.0,João Pessoa,25.0,PB,404.4,492.6,458.4,451.7,280.0
282,2019,M,1,3,1,2,2,1.0,2507507.0,João Pessoa,25.0,PB,557.5,540.4,551.9,561.2,700.0
283,2019,F,1,1,1,2,2,1.0,2507507.0,João Pessoa,25.0,PB,498.3,587.1,589.6,715.7,840.0
284,2019,F,0,3,1,2,2,1.0,2507507.0,João Pessoa,25.0,PB,423.8,492.5,496.7,553.0,680.0
285,2019,F,1,2,1,2,2,1.0,2507507.0,João Pessoa,25.0,PB,491.2,474.0,476.7,542.6,580.0
286,2019,F,1,4,1,2,2,1.0,2507507.0,João Pessoa,25.0,PB,565.5,525.2,558.2,654.1,960.0
287,2019,F,1,3,1,2,2,1.0,2507507.0,João Pessoa,25.0,PB,475.0,0.0,0.0,431.6,520.0
288,2019,F,1,2,1,2,2,1.0,2507507.0,João Pessoa,25.0,PB,562.2,529.8,509.0,481.2,620.0
289,2019,F,1,3,1,2,2,1.0,2507507.0,João Pessoa,25.0,PB,389.8,462.6,492.8,491.7,660.0
290,2019,F,1,2,1,2,2,1.0,2507507.0,João Pessoa,25.0,PB,548.9,408.4,558.4,404.1,760.0
291,2019,F,1,3,1,2,2,1.0,2507507.0,João Pessoa,25.0,PB,491.8,527.1,535.2,499.1,620.0
292,2019,F,1,1,1,2,2,1.0,2507507.0,João Pessoa,25.0,PB,581.0,579.2,582.2,535.3,980.0
293,2019,F,1,4,1,2,2,1.0,2507507.0,João Pessoa,25.0,PB,552.7,558.8,544.1,433.8,940.0
294,2019,F,1,4,1,2,2,1.0,2507507.0,João Pessoa,25.0,PB,427.6,411.9,496.0,435.0,300.0
295,2019,F,1,3,1,2,2,1.0,2507507.0,João Pessoa,25.0,PB,395.3,455.7,479.0,525.8,320.0
296,2019,M,1,1,1,2,2,1.0,2507507.0,João Pessoa,25.0,PB,439.8,403.9,451.7,408.6,400.0
297,2019,F,1,2,1,2,2,1.0,2507507.0,João Pessoa,25.0,PB,435.8,424.3,517.4,384.7,580.0
298,2019,F,1,1,1,2,2,1.0,2507507.0,João Pessoa,25.0,PB,420.7,533.4,492.9,440.4,540.0
299,2019,F,1,2,1,2,2,1.0,2507507.0,João Pessoa,25.0,PB,357.7,518.0,508.1,455.3,0.0
300,2019,F,1,3,1,2,2,1.0,2507507.0,João Pessoa,25.0,PB,531.2,591.0,586.3,629.8,720.0
301,2019,F,1,3,1,2,2,1.0,2507507.0,João Pessoa,25.0,PB,461.7,536.4,533.7,508.1,640.0
302,2019,F,1,3,1,2,2,1.0,2507507.0,João Pessoa,25.0,PB,401.2,560.4,536.0,435.6,300.0
303,2019,F,1,0,1,2,2,1.0,2507507.0,João Pessoa,25.0,PB,493.1,419.3,560.8,536.9,620.0
304,2019,M,1,3,1,2,2,1.0,2507507.0,João Pessoa,25.0,PB,616.9,617.2,639.0,732.2,960.0
305,2019,M,1,3,1,2,2,1.0,2507507.0,João Pessoa,25.0,PB,381.8,506.2,468.3,393.7,540.0
306,2019,F,1,1,1,2,2,1.0,2507507.0,João Pessoa,25.0,PB,414.3,532.3,511.0,546.0,700.0
307,2019,F,1,3,1,2,2,1.0,2507507.0,João Pessoa,25.0,PB,361.2,430.8,496.2,382.8,580.0
308,2019,M,1,3,1,2,2,1.0,2507507.0,João Pessoa,25.0,PB,494.9,435.5,558.0,461.8,620.0
309,2019,F,1,3,1,2,2,1.0,2507507.0,João Pessoa,25.0,PB,507.7,513.6,487.2,559.1,860.0
310,2019,F,1,3,1,2,2,1.0,2507507.0,João Pessoa,25.0,PB,618.3,566.5,558.9,633.1,620.0
311,2019,F,1,3,1,2,2,1.0,2507507.0,João Pessoa,25.0,PB,447.7,403.6,379.4,359.4,220.0
312,2019,F,1,3,1,2,2,1.0,2507507.0,João Pessoa,25.0,PB,556.9,509.7,574.3,677.6,540.0
313,2019,M,1,3,1,2,2,1.0,2507507.0,João Pessoa,25.0,PB,544.2,507.8,512.1,664.3,660.0
314,2019,F,1,3,1,2,2,1.0,2507507.0,João Pessoa,25.0,PB,487.1,549.0,539.9,534.6,760.0
315,2019,M,1,0,1,2,2,1.0,2507507.0,João Pessoa,25.0,PB,425.4,465.9,505.8,666.8,560.0
316,2019,M,1,1,1,2,2,1.0,2507507.0,João Pessoa,25.0,PB,472.2,481.4,582.7,689.9,840.0
317,2019,F,1,3,1,2,2,1.0,2507507.0,João Pessoa,25.0,PB,390.7,476.7,442.3,395.1,460.0
318,2019,M,1,1,1,2,2,1.0,2507507.0,João Pessoa,25.0,PB,456.7,559.9,528.3,399.9,640.0
319,2019,M,1,3,1,2,2,1.0,2507507.0,João Pessoa,25.0,PB,490.0,569.7,521.1,708.0,720.0
320,2019,M,1,3,1,2,2,1.0,2507507.0,João Pessoa,25.0,PB,360.5,480.9,502.6,456.0,600.0
321,2019,M,1,2,1,2,2,1.0,2507507.0,João Pessoa,25.0,PB,398.7,479.3,523.9,382.5,400.0
322,2019,M,1,2,1,2,2,1.0,2507507.0,João Pessoa,25.0,PB,420.2,402.4,505.5,433.3,620.0
323,2019,F,1,1,1,2,2,1.0,2507507.0,João Pessoa,25.0,PB,554.8,645.3,585.9,696.5,960.0
324,2019,F,1,2,1,2,2,1.0,2507507.0,João Pessoa,25.0,PB,430.4,547.4,566.5,671.1,720.0
325,2019,M,1,1,1,2,2,1.0,2507507.0,João Pessoa,25.0,PB,583.4,638.5,588.0,703.3,720.0
326,2019,F,1,2,1,2,2,1.0,2507507.0,João Pessoa,25.0,PB,354.8,496.3,497.5,461.2,660.0
327,2019,F,1,4,1,2,2,1.0,2507507.0,João Pessoa,25.0,PB,411.6,488.5,494.2,477.0,780.0
328,2019,F,1,3,1,2,2,1.0,2507507.0,João Pessoa,25.0,PB,603.5,510.8,543.3,603.9,860.0
329,2019,F,1,3,1,2,2,1.0,2507507.0,João Pessoa,25.0,PB,495.7,503.2,553.5,598.4,680.0
330,2019,M,1,2,1,2,2,1.0,2507507.0,João Pessoa,25.0,PB,492.6,471.0,543.1,428.9,300.0
331,2019,F,1,1,1,2,2,1.0,2507507.0,João Pessoa,25.0,PB,551.3,582.4,602.6,425.1,560.0
332,2019,F,1,3,1,2,2,1.0,2507507.0,João Pessoa,25.0,PB,350.5,522.2,508.5,506.9,540.0
333,2019,F,1,3,1,2,2,1.0,2507507.0,João Pessoa,25.0,PB,362.0,483.5,524.7,443.4,620.0
334,2019,M,1,3,1,2,2,1.0,2507507.0,João Pessoa,25.0,PB,391.0,509.9,532.9,363.8,680.0
335,2019,M,1,1,1,2,2,1.0,2507507.0,João Pessoa,25.0,PB,465.3,570.7,595.1,511.7,680.0
336,2019,M,1,2,1,2,2,1.0,2507507.0,João Pessoa,25.0,PB,533.1,574.2,586.7,630.0,560.0
337,2019,M,1,3,1,2,2,1.0,2507507.0,João Pessoa,25.0,PB,497.6,360.3,406.2,437.8,480.0
338,2019,M,1,1,1,2,2,1.0,2507507.0,João Pessoa,25.0,PB,480.5,532.2,542.3,409.8,620.0
339,2019,F,1,3,1,2,2,1.0,2507507.0,João Pessoa,25.0,PB,468.0,522.1,565.5,559.9,740.0
340,2019,F,1,3,1,2,2,1.0,2507507.0,João Pessoa,25.0,PB,353.9,552.1,524.5,456.7,660.0
341,2019,F,1,3,1,2,2,1.0,2507507.0,João Pessoa,25.0,PB,574.0,524.6,557.8,556.9,620.0
342,2019,F,1,3,1,2,2,1.0,2507507.0,João Pessoa,25.0,PB,386.4,525.7,528.6,441.6,480.0
343,2019,F,1,1,1,2,2,1.0,2507507.0,João Pessoa,25.0,PB,460.5,503.2,538.9,517.6,580.0
344,2019,F,1,1,1,2,2,1.0,2507507.0,João Pessoa,25.0,PB,524.8,547.2,569.3,678.5,800.0
345,2019,M,1,1,1,2,2,1.0,2507507.0,João Pessoa,25.0,PB,425.9,399.1,466.8,396.2,660.0
346,2019,M,1,1,1,2,2,1.0,2507507.0,João Pessoa,25.0,PB,445.2,420.0,451.5,538.5,580.0
347,2019,M,0,4,1,2,2,1.0,2507507.0,João Pessoa,25.0,PB,464.0,472.6,538.9,602.2,620.0
348,2019,F,1,3,1,2,2,1.0,2507507.0,João Pessoa,25.0,PB,415.2,588.0,559.9,617.5,960.0
349,2019,F,1,1,1,2,2,1.0,2507507.0,João Pessoa,25.0,PB,431.0,521.3,514.1,467.8,800.0
350,2019,F,1,3,1,2,2,1.0,2507507.0,João Pessoa,25.0,PB,416.6,428.7,444.8,425.8,640.0
351,2019,F,1,1,1,2,2,1.0,2507507.0,João Pessoa,25.0,PB,406.4,368.4,495.2,467.4,620.0
352,2019,F,1,1,1,2,2,1.0,2507507.0,João Pessoa,25.0,PB,476.6,518.6,554.9,536.4,800.0
353,2019,F,1,4,1,2,2,1.0,2507507.0,João Pessoa,25.0,PB,507.0,555.2,619.0,589.7,880.0
354,2019,F,1,3,1,2,2,1.0,2507507.0,João Pessoa,25.0,PB,455.2,463.8,495.5,569.1,520.0
355,2019,M,1,4,1,2,2,1.0,2507507.0,João Pessoa,25.0,PB,515.2,572.6,586.2,439.4,680.0
356,2019,M,1,3,1,2,2,1.0,2507507.0,João Pessoa,25.0,PB,564.1,627.6,600.8,722.8,940.0
357,2019,M,1,3,1,2,2,1.0,2507507.0,João Pessoa,25.0,PB,461.3,576.3,564.0,564.6,780.0
358,2019,F,1,3,1,2,2,1.0,2507507.0,João Pessoa,25.0,PB,499.5,485.3,522.1,470.4,620.0
359,2019,M,1,1,1,2,2,1.0,2507507.0,João Pessoa,25.0,PB,358.1,358.8,422.1,385.4,380.0
360,2019,F,1,3,1,2,2,1.0,2507507.0,João Pessoa,25.0,PB,414.2,394.4,492.5,433.1,660.0
361,2019,F,0,1,1,2,2,1.0,2507507.0,João Pessoa,25.0,PB,472.8,568.9,589.1,666.5,780.0
362,2019,M,1,3,1,2,2,1.0,2507507.0,João Pessoa,25.0,PB,533.5,436.7,558.8,519.6,600.0
363,2019,M,1,3,1,2,2,1.0,2507507.0,João Pessoa,25.0,PB,475.4,570.2,564.4,473.5,720.0
364,2019,M,1,3,1,2,2,1.0,2507507.0,João Pessoa,25.0,PB,532.9,440.1,520.7,499.2,820.0
365,2019,M,0,3,1,2,2,1.0,2507507.0,João Pessoa,25.0,PB,444.8,568.6,532.2,480.6,580.0
366,2019,M,1,1,1,2,2,1.0,2507507.0,João Pessoa,25.0,PB,405.6,474.0,432.7,450.7,520.0
367,2019,M,1,1,1,2,2,1.0,2507507.0,João Pessoa,25.0,PB,431.6,529.1,549.3,533.4,0.0
368,2019,M,1,3,1,2,2,1.0,2507507.0,João Pessoa,25.0,PB,367.4,439.8,396.9,518.6,380.0
369,2019,F,1,3,1,2,2,1.0,2507507.0,João Pessoa,25.0,PB,581.6,513.3,542.0,628.2,740.0
370,2019,F,1,1,1,2,2,1.0,2507507.0,João Pessoa,25.0,PB,554.6,616.5,624.4,499.4,680.0
371,2019,M,1,1,1,2,2,1.0,2507507.0,João Pessoa,25.0,PB,499.6,437.9,534.0,560.2,340.0
372,2019,F,1,3,1,2,2,1.0,2507507.0,João Pessoa,25.0,PB,367.8,457.2,461.0,471.9,680.0
373,2019,F,1,1,1,2,2,1.0,2507507.0,João Pessoa,25.0,PB,473.7,533.7,537.3,473.9,440.0
374,2019,F,1,4,1,2,2,1.0,2507507.0,João Pessoa,25.0,PB,332.4,395.8,474.1,427.6,440.0
375,2019,F,1,3,1,2,2,1.0,2507507.0,João Pessoa,25.0,PB,491.4,516.9,561.0,486.3,340.0
376,2019,F,1,3,1,2,2,1.0,2507507.0,João Pessoa,25.0,PB,485.3,444.9,537.3,478.8,680.0
377,2019,M,1,1,1,2,2,1.0,2507507.0,João Pessoa,25.0,PB,359.2,435.4,398.1,383.1,340.0
378,2019,M,1,3,1,2,2,1.0,2507507.0,João Pessoa,25.0,PB,400.3,482.4,497.7,646.3,360.0
379,2019,F,1,3,1,2,2,1.0,2507507.0,João Pessoa,25.0,PB,360.7,460.4,493.3,447.6,660.0
380,2019,M,1,1,1,2,2,1.0,2507507.0,João Pessoa,25.0,PB,534.5,489.4,515.2,549.3,920.0
381,2019,F,1,1,1,2,2,1.0,2507507.0,João Pessoa,25.0,PB,421.7,491.6,541.4,530.3,640.0
382,2019,F,1,2,1,2,2,1.0,2507507.0,João Pessoa,25.0,PB,355.7,417.1,483.0,438.3,480.0
383,2019,M,1,2,1,2,2,1.0,2507507.0,João Pessoa,25.0,PB,402.7,462.4,490.7,465.0,200.0
384,2019,F,1,1,1,2,2,1.0,2507507.0,João Pessoa,25.0,PB,432.0,493.7,466.4,488.6,840.0
385,2019,F,1,2,1,2,2,1.0,2507507.0,João Pessoa,25.0,PB,538.3,538.5,576.2,465.4,760.0
386,2019,F,1,2,1,2,2,1.0,2507507.0,João Pessoa,25.0,PB,398.2,575.2,518.6,451.0,860.0
387,2019,F,1,3,1,2,2,1.0,2507507.0,João Pessoa,25.0,PB,383.1,534.2,534.9,526.3,760.0
388,2019,M,1,1,1,2,2,1.0,2507507.0,João Pessoa,25.0,PB,497.2,576.6,600.1,613.1,920.0
389,2019,F,1,1,1,2,2,1.0,2507507.0,João Pessoa,25.0,PB,505.7,539.5,591.4,432.6,800.0
390,2019,M,1,3,1,2,2,1.0,2507507.0,João Pessoa,25.0,PB,511.4,515.8,531.7,453.2,540.0
391,2019,M,1,2,1,2,2,1.0,2507507.0,João Pessoa,25.0,PB,459.3,520.3,528.1,594.6,780.0
392,2019,M,1,3,1,2,2,1.0,2507507.0,João Pessoa,25.0,PB,460.6,469.1,462.3,458.7,620.0
393,2019,F,0,3,1,2,2,1.0,2507507.0,João Pessoa,25.0,PB,492.4,550.5,553.9,555.9,600.0
394,2019,M,1,2,1,2,2,1.0,2507507.0,João Pessoa,25.0,PB,441.6,517.5,517.4,576.1,600.0
395,2019,F,1,3,1,2,2,1.0,2507507.0,João Pessoa,25.0,PB,384.7,418.4,508.5,386.3,620.0
396,2019,F,0,1,1,2,2,1.0,2507507.0,João Pessoa,25.0,PB,370.4,523.7,480.7,385.1,440.0
397,2019,F,1,3,1,2,2,1.0,2507507.0,João Pessoa,25.0,PB,473.2,571.5,524.7,527.6,460.0
398,2019,M,1,3,1,2,2,1.0,2507507.0,João Pessoa,25.0,PB,502.3,533.9,586.0,626.9,620.0
399,2019,F,1,3,1,2,2,1.0,2507507.0,João Pessoa,25.0,PB,509.6,563.4,533.7,592.2,640.0
400,2019,F,1,3,1,2,2,1.0,2507507.0,João Pessoa,25.0,PB,446.4,526.3,528.1,428.2,900.0
401,2019,F,1,3,1,2,2,1.0,2507507.0,João Pessoa,25.0,PB,514.6,506.3,556.1,559.5,820.0
402,2019,M,1,3,1,2,2,1.0,2507507.0,João Pessoa,25.0,PB,476.2,494.3,530.4,454.0,620.0
403,2019,F,1,2,1,2,2,1.0,2507507.0,João Pessoa,25.0,PB,536.3,560.0,580.2,454.2,800.0
404,2019,M,1,3,1,2,2,1.0,2507507.0,João Pessoa,25.0,PB,424.5,526.0,536.4,433.2,360.0
405,2019,F,1,2,1,2,2,1.0,2507507.0,João Pessoa,25.0,PB,431.8,424.2,501.0,483.6,380.0
406,2019,M,1,2,1,2,2,1.0,2507507.0,João Pessoa,25.0,PB,444.3,488.6,405.3,600.0,540.0
407,2019,F,1,1,1,2,2,1.0,2507507.0,João Pessoa,25.0,PB,463.8,587.1,599.6,676.8,620.0
408,2019,M,1,3,1,2,2,1.0,2507507.0,João Pessoa,25.0,PB,503.7,507.2,562.7,512.7,600.0
409,2019,F,1,3,1,2,2,1.0,2507507.0,João Pessoa,25.0,PB,391.6,500.7,524.9,384.9,460.0
410,2019,F,1,3,1,2,2,1.0,2507507.0,João Pessoa,25.0,PB,462.4,575.9,574.4,590.1,900.0
411,2019,F,1,3,1,2,2,1.0,2507507.0,João Pessoa,25.0,PB,417.5,527.5,458.2,405.0,560.0
412,2019,F,1,2,1,2,2,1.0,2507507.0,João Pessoa,25.0,PB,401.3,402.2,531.6,474.0,660.0
413,2019,F,1,3,1,2,2,1.0,2507507.0,João Pessoa,25.0,PB,451.1,475.2,503.1,431.3,480.0
414,2019,F,1,3,1,2,2,1.0,2507507.0,João Pessoa,25.0,PB,469.8,496.3,469.8,489.0,420.0
415,2019,F,1,3,1,2,2,1.0,2507507.0,João Pessoa,25.0,PB,463.2,546.8,569.1,451.1,700.0
416,2019,F,1,3,1,2,2,1.0,2507507.0,João Pessoa,25.0,PB,543.0,569.7,591.2,541.8,700.0
417,2019,M,1,3,1,2,2,1.0,2507507.0,João Pessoa,25.0,PB,485.4,539.5,484.1,520.1,720.0
418,2019,M,1,3,1,2,2,1.0,2507507.0,João Pessoa,25.0,PB,527.5,371.4,544.1,597.3,580.0
419,2019,M,1,3,1,2,2,1.0,2507507.0,João Pessoa,25.0,PB,508.4,526.7,549.7,641.1,240.0
420,2019,F,1,4,1,2,2,1.0,2507507.0,João Pessoa,25.0,PB,397.8,597.5,562.4,481.2,800.0
421,2019,F,1,2,1,2,2,1.0,2507507.0,João Pessoa,25.0,PB,463.1,545.0,492.9,510.9,0.0
422,2019,F,1,3,1,2,2,1.0,2507507.0,João Pessoa,25.0,PB,384.2,485.3,476.8,551.3,580.0
423,2019,F,1,3,1,2,2,1.0,2507507.0,João Pessoa,25.0,PB,447.8,516.6,494.0,419.5,620.0
424,2019,F,1,3,1,2,2,1.0,2507507.0,João Pessoa,25.0,PB,462.4,533.0,558.3,550.3,860.0
425,2019,F,1,4,1,2,2,1.0,2507507.0,João Pessoa,25.0,PB,416.3,498.5,521.5,450.1,440.0
426,2019,F,1,3,1,2,2,1.0,2507507.0,João Pessoa,25.0,PB,417.3,558.6,533.7,583.7,680.0
427,2019,F,1,3,1,2,2,1.0,2507507.0,João Pessoa,25.0,PB,565.9,589.3,570.1,579.6,960.0
428,2019,F,0,2,1,2,2,1.0,2507507.0,João Pessoa,25.0,PB,425.0,448.6,441.9,402.8,360.0
429,2019,M,1,1,1,2,2,1.0,2507507.0,João Pessoa,25.0,PB,368.4,522.3,469.9,500.9,380.0
430,2019,F,1,1,1,2,2,1.0,2507507.0,João Pessoa,25.0,PB,459.5,505.7,464.1,426.6,600.0
431,2019,F,1,2,1,2,2,1.0,2507507.0,João Pessoa,25.0,PB,464.5,588.7,617.4,584.3,900.0
432,2019,M,1,5,1,2,2,1.0,2507507.0,João Pessoa,25.0,PB,381.6,466.7,418.6,443.3,540.0
433,2019,F,1,4,1,2,2,1.0,2507507.0,João Pessoa,25.0,PB,543.4,452.9,426.0,542.0,640.0
434,2019,M,1,3,1,2,2,1.0,2507507.0,João Pessoa,25.0,PB,535.7,547.1,545.6,431.9,580.0
435,2019,M,1,3,1,2,2,1.0,2507507.0,João Pessoa,25.0,PB,422.9,424.3,509.6,507.9,300.0
436,2019,F,1,1,1,2,2,1.0,2507507.0,João Pessoa,25.0,PB,492.9,563.6,562.4,413.6,720.0
437,2019,F,1,3,1,2,2,1.0,2507507.0,João Pessoa,25.0,PB,375.0,437.8,518.7,506.2,700.0
438,2019,F,1,1,1,2,2,1.0,2507507.0,João Pessoa,25.0,PB,424.5,431.0,525.3,440.3,580.0
439,2019,F,1,2,1,2,2,1.0,2507507.0,João Pessoa,25.0,PB,502.8,520.7,533.7,524.4,600.0
440,2019,M,1,1,1,2,2,1.0,2507507.0,João Pessoa,25.0,PB,477.0,551.5,547.0,727.9,600.0
441,2019,M,1,2,1,2,2,1.0,2507507.0,João Pessoa,25.0,PB,447.4,529.8,536.7,491.8,640.0
442,2019,F,1,3,1,2,2,1.0,2507507.0,João Pessoa,25.0,PB,424.6,534.6,500.4,504.1,0.0
443,2019,M,1,3,1,2,2,1.0,2507507.0,João Pessoa,25.0,PB,459.4,455.4,520.5,495.4,560.0
444,2019,M,1,1,1,2,2,1.0,2507507.0,João Pessoa,25.0,PB,545.5,552.9,566.3,627.9,720.0
445,2019,F,1,3,1,2,2,1.0,2507507.0,João Pessoa,25.0,PB,528.1,504.5,493.5,555.5,860.0
446,2019,M,1,3,1,2,2,1.0,2507507.0,João Pessoa,25.0,PB,380.4,411.5,502.6,501.0,540.0
447,2019,M,1,2,1,2,2,1.0,2507507.0,João Pessoa,25.0,PB,395.8,360.5,514.0,467.7,460.0
448,2019,F,1,3,1,2,2,1.0,2507507.0,João Pessoa,25.0,PB,439.3,376.5,452.5,374.0,520.0
449,2019,F,1,1,1,2,2,1.0,2507507.0,João Pessoa,25.0,PB,476.8,495.3,483.8,447.2,560.0
450,2019,M,1,3,1,2,2,1.0,2507507.0,João Pessoa,25.0,PB,437.9,511.6,544.7,468.1,460.0
451,2019,M,1,1,1,2,2,1.0,2507507.0,João Pessoa,25.0,PB,498.4,580.5,549.1,452.6,560.0
452,2019,F,1,1,1,2,2,1.0,2507507.0,João Pessoa,25.0,PB,443.6,609.2,543.7,566.2,780.0
453,2019,M,1,3,1,2,2,1.0,2507507.0,João Pessoa,25.0,PB,425.1,425.1,524.2,534.4,440.0
454,2019,F,1,3,1,2,2,1.0,2507507.0,João Pessoa,25.0,PB,488.7,527.3,548.5,423.7,700.0
455,2019,F,1,3,1,2,2,1.0,2507507.0,João Pessoa,25.0,PB,405.3,519.7,513.3,499.3,560.0
456,2019,F,1,2,1,2,2,1.0,2507507.0,João Pessoa,25.0,PB,364.5,442.9,549.5,457.1,600.0
457,2019,F,1,3,1,2,2,1.0,2507507.0,João Pessoa,25.0,PB,477.0,463.6,473.9,477.5,520.0
458,2019,M,1,2,1,2,2,1.0,2507507.0,João Pessoa,25.0,PB,519.7,540.4,553.9,426.0,540.0
459,2019,F,1,1,1,2,2,1.0,2507507.0,João Pessoa,25.0,PB,459.4,455.3,525.9,515.9,320.0
460,2019,F,1,1,1,2,2,1.0,2507507.0,João Pessoa,25.0,PB,509.1,501.9,558.7,518.0,880.0
461,2019,M,1,3,1,2,2,1.0,2507507.0,João Pessoa,25.0,PB,399.2,425.9,459.7,579.4,520.0
462,2019,F,1,3,1,2,2,1.0,2507507.0,João Pessoa,25.0,PB,420.3,463.4,527.3,406.4,600.0
463,2019,F,1,3,1,2,2,1.0,2507507.0,João Pessoa,25.0,PB,414.5,402.5,500.4,361.7,500.0
464,2019,M,0,2,1,2,2,1.0,2507507.0,João Pessoa,25.0,PB,540.0,585.3,595.6,596.8,620.0
465,2019,F,1,3,1,2,2,1.0,2507507.0,João Pessoa,25.0,PB,525.4,501.4,548.2,680.8,800.0
466,2019,F,1,3,1,2,2,1.0,2507507.0,João Pessoa,25.0,PB,486.5,517.9,567.0,396.6,560.0
467,2019,M,1,3,1,2,2,1.0,2507507.0,João Pessoa,25.0,PB,415.2,455.8,518.0,625.1,540.0
468,2019,M,1,2,1,2,2,1.0,2507507.0,João Pessoa,25.0,PB,520.9,391.1,454.1,532.7,360.0
469,2019,F,1,3,1,2,2,1.0,2507507.0,João Pessoa,25.0,PB,405.0,373.2,404.6,438.4,260.0
470,2019,F,1,3,1,2,2,1.0,2507507.0,João Pessoa,25.0,PB,464.3,530.6,528.8,516.1,660.0
471,2019,F,1,1,1,2,2,1.0,2507507.0,João Pessoa,25.0,PB,545.5,632.9,650.3,663.7,920.0
472,2019,F,1,1,1,2,2,1.0,2507507.0,João Pessoa,25.0,PB,599.6,660.1,622.3,678.8,600.0
473,2019,M,1,3,1,2,2,1.0,2507507.0,João Pessoa,25.0,PB,410.2,597.1,525.7,537.6,560.0
474,2019,M,1,3,1,2,2,1.0,2507507.0,João Pessoa,25.0,PB,533.3,501.4,486.6,598.8,660.0
475,2019,F,1,2,1,2,2,1.0,2507507.0,João Pessoa,25.0,PB,465.7,513.4,566.3,623.1,720.0
476,2019,F,1,3,1,2,2,1.0,2507507.0,João Pessoa,25.0,PB,373.6,376.2,383.9,367.4,360.0
477,2019,M,1,1,1,2,2,1.0,2507507.0,João Pessoa,25.0,PB,527.7,584.1,580.3,810.2,720.0
478,2019,F,1,1,1,2,2,1.0,2507507.0,João Pessoa,25.0,PB,368.6,441.2,468.7,440.1,400.0
479,2019,F,1,3,1,2,2,1.0,2507507.0,João Pessoa,25.0,PB,380.8,531.4,489.6,415.4,580.0
480,2019,M,1,2,1,2,2,1.0,2507507.0,João Pessoa,25.0,PB,505.0,490.9,552.0,634.4,640.0
481,2019,M,1,3,1,2,2,1.0,2507507.0,João Pessoa,25.0,PB,496.7,544.4,542.9,557.7,660.0
482,2019,F,1,3,1,2,2,1.0,2507507.0,João Pessoa,25.0,PB,473.1,435.6,444.0,445.2,680.0
483,2019,F,1,3,1,2,2,1.0,2507507.0,João Pessoa,25.0,PB,522.2,487.1,567.1,522.5,800.0
484,2019,F,1,1,1,2,2,1.0,2507507.0,João Pessoa,25.0,PB,506.1,536.3,538.0,563.7,660.0
485,2019,F,1,1,1,2,2,1.0,2507507.0,João Pessoa,25.0,PB,488.3,467.1,529.7,381.9,720.0
486,2019,F,1,2,1,2,2,1.0,2507507.0,João Pessoa,25.0,PB,523.5,606.5,567.5,557.7,860.0
487,2019,F,1,4,1,2,2,1.0,2507507.0,João Pessoa,25.0,PB,531.0,526.2,541.0,547.4,840.0
488,2019,M,1,3,1,2,2,1.0,2507507.0,João Pessoa,25.0,PB,501.9,592.0,559.6,501.7,760.0
489,2019,F,1,3,1,2,2,1.0,2507507.0,João Pessoa,25.0,PB,432.8,444.6,480.0,608.7,780.0
490,2019,F,1,3,1,2,2,1.0,2507507.0,João Pessoa,25.0,PB,410.4,427.6,383.8,437.1,0.0
491,2019,F,1,3,1,2,2,1.0,2507507.0,João Pessoa,25.0,PB,432.1,462.4,569.5,507.5,600.0
492,2019,M,1,1,1,2,2,1.0,2507507.0,João Pessoa,25.0,PB,443.0,471.2,450.7,405.4,480.0
493,2019,M,1,3,1,2,2,1.0,2507507.0,João Pessoa,25.0,PB,488.6,531.2,538.9,515.4,620.0
494,2019,M,1,3,1,2,2,1.0,2507507.0,João Pessoa,25.0,PB,564.9,631.4,694.6,677.9,900.0
495,2019,M,1,0,1,2,2,1.0,2507507.0,João Pessoa,25.0,PB,352.6,406.9,391.5,389.3,0.0
496,2019,F,1,3,1,2,2,1.0,2507507.0,João Pessoa,25.0,PB,496.5,514.5,513.1,385.7,640.0
497,2019,F,1,1,1,2,2,1.0,2507507.0,João Pessoa,25.0,PB,508.2,521.6,523.9,491.4,0.0
498,2019,F,1,3,1,2,2,1.0,2507507.0,João Pessoa,25.0,PB,583.5,605.7,598.5,642.2,820.0
499,2019,M,1,3,1,2,2,1.0,2507507.0,João Pessoa,25.0,PB,606.6,608.2,620.0,763.4,660.0
500,2019,F,1,1,1,2,2,1.0,2507507.0,João Pessoa,25.0,PB,469.6,546.5,539.1,524.1,460.0
501,2019,F,1,3,1,2,2,1.0,2507507.0,João Pessoa,25.0,PB,419.1,555.9,574.2,590.0,760.0
502,2019,F,1,3,1,2,2,1.0,2507507.0,João Pessoa,25.0,PB,559.7,347.2,605.3,677.2,900.0
503,2019,F,1,3,1,2,2,1.0,2507507.0,João Pessoa,25.0,PB,490.4,509.2,536.1,372.5,680.0
504,2019,M,1,3,1,2,2,1.0,2507507.0,João Pessoa,25.0,PB,556.8,557.2,595.7,476.0,640.0
505,2019,M,1,3,1,2,2,1.0,2507507.0,João Pessoa,25.0,PB,575.4,554.9,504.5,758.9,700.0
506,2019,F,1,3,1,2,2,1.0,2507507.0,João Pessoa,25.0,PB,427.2,536.4,542.5,440.7,740.0
507,2019,M,1,1,1,2,2,1.0,2507507.0,João Pessoa,25.0,PB,447.6,428.9,505.8,612.8,660.0
508,2019,M,1,1,1,2,2,1.0,2507507.0,João Pessoa,25.0,PB,456.0,457.5,507.1,461.7,480.0
509,2019,M,1,3,1,2,2,1.0,2507507.0,João Pessoa,25.0,PB,606.1,630.7,604.3,706.3,580.0
510,2019,M,1,3,1,2,2,1.0,2507507.0,João Pessoa,25.0,PB,625.6,632.4,535.4,639.8,940.0
511,2019,F,0,1,1,2,2,1.0,2507507.0,João Pessoa,25.0,PB,390.5,426.8,469.2,513.0,360.0
512,2019,M,1,0,1,2,2,1.0,2507507.0,João Pessoa,25.0,PB,545.0,558.2,595.1,600.0,620.0
513,2019,F,0,3,1,2,2,1.0,2507507.0,João Pessoa,25.0,PB,467.5,559.4,559.2,485.2,720.0
514,2019,F,1,1,1,2,2,1.0,2507507.0,João Pessoa,25.0,PB,567.5,599.2,588.5,663.5,620.0
515,2019,F,1,3,1,2,2,1.0,2507507.0,João Pessoa,25.0,PB,550.8,524.3,559.5,424.2,720.0
516,2019,F,1,2,1,2,2,1.0,2507507.0,João Pessoa,25.0,PB,458.4,498.9,519.8,492.1,440.0
517,2019,F,2,3,1,2,2,1.0,2507507.0,João Pessoa,25.0,PB,439.2,503.5,526.5,447.7,560.0
518,2019,F,1,3,1,2,2,1.0,2507507.0,João Pessoa,25.0,PB,392.0,504.0,539.8,469.2,840.0
519,2019,F,1,0,1,2,2,1.0,2507507.0,João Pessoa,25.0,PB,514.4,505.1,521.0,471.4,620.0
520,2019,F,1,3,1,2,2,1.0,2507507.0,João Pessoa,25.0,PB,412.9,435.1,426.2,362.7,0.0
521,2019,M,1,3,1,2,2,1.0,2507507.0,João Pessoa,25.0,PB,456.5,552.0,558.5,502.4,500.0
522,2019,M,1,1,1,2,2,1.0,2507507.0,João Pessoa,25.0,PB,409.8,525.7,511.9,521.8,740.0
523,2019,F,1,3,1,2,2,1.0,2507507.0,João Pessoa,25.0,PB,486.7,572.0,539.8,429.3,760.0
524,2019,F,1,2,1,2,2,1.0,2507507.0,João Pessoa,25.0,PB,505.6,551.9,518.9,565.2,920.0
525,2019,M,1,1,1,2,2,1.0,2507507.0,João Pessoa,25.0,PB,510.2,576.2,589.3,649.4,740.0
526,2019,F,1,1,1,2,2,1.0,2507507.0,João Pessoa,25.0,PB,623.6,609.5,589.9,595.4,800.0
527,2019,M,1,3,1,2,2,1.0,2507507.0,João Pessoa,25.0,PB,448.6,496.7,510.0,473.5,440.0
528,2019,F,1,3,1,2,2,1.0,2507507.0,João Pessoa,25.0,PB,628.0,623.1,618.4,750.5,960.0
529,2019,F,1,3,1,2,2,1.0,2507507.0,João Pessoa,25.0,PB,416.8,372.3,479.6,385.1,520.0
530,2019,M,1,1,1,2,2,1.0,2507507.0,João Pessoa,25.0,PB,447.6,385.5,489.4,379.4,680.0
531,2019,M,1,1,1,2,2,1.0,2507507.0,João Pessoa,25.0,PB,408.8,374.6,426.3,478.6,600.0
532,2019,F,1,2,1,2,2,1.0,2507507.0,João Pessoa,25.0,PB,412.2,496.7,531.0,490.5,700.0
533,2019,F,0,1,1,2,2,1.0,2507507.0,João Pessoa,25.0,PB,410.8,603.2,577.8,701.0,920.0
534,2019,F,1,1,1,2,2,1.0,2507507.0,João Pessoa,25.0,PB,464.9,552.3,565.5,500.6,580.0
535,2019,F,1,1,1,2,2,1.0,2507507.0,João Pessoa,25.0,PB,540.6,634.2,624.9,586.5,860.0
536,2019,M,1,3,1,2,2,1.0,2507507.0,João Pessoa,25.0,PB,488.7,373.6,499.5,528.7,740.0
537,2019,M,3,1,1,2,2,1.0,2507507.0,João Pessoa,25.0,PB,590.9,619.9,585.9,756.4,880.0
538,2019,F,1,3,1,2,2,1.0,2507507.0,João Pessoa,25.0,PB,505.2,526.1,515.1,448.1,880.0
539,2019,M,1,2,1,2,2,1.0,2507507.0,João Pessoa,25.0,PB,339.3,465.8,439.7,496.1,260.0
540,2019,M,1,1,1,2,2,1.0,2507507.0,João Pessoa,25.0,PB,559.6,649.6,572.4,527.9,620.0
541,2019,F,1,2,1,2,2,1.0,2507507.0,João Pessoa,25.0,PB,408.0,463.7,506.7,440.9,700.0
542,2019,F,1,3,1,2,2,1.0,2507507.0,João Pessoa,25.0,PB,437.7,419.5,462.4,468.6,740.0
543,2019,F,1,1,1,2,2,1.0,2507507.0,João Pessoa,25.0,PB,394.8,488.7,467.3,443.4,840.0
544,2019,F,1,3,1,2,2,1.0,2507507.0,João Pessoa,25.0,PB,388.4,411.1,482.8,512.3,440.0
545,2019,F,1,3,1,2,2,1.0,2507507.0,João Pessoa,25.0,PB,446.8,505.7,517.5,486.9,320.0
546,2019,F,0,3,1,2,2,1.0,2507507.0,João Pessoa,25.0,PB,502.9,483.0,590.0,570.0,760.0
547,2019,F,1,1,1,2,2,1.0,2507507.0,João Pessoa,25.0,PB,392.0,438.9,437.6,449.2,640.0
548,2019,F,1,3,1,2,2,1.0,2507507.0,João Pessoa,25.0,PB,510.5,509.0,532.8,406.6,840.0
549,2019,F,1,3,1,2,2,1.0,2507507.0,João Pessoa,25.0,PB,486.0,526.7,547.8,667.5,800.0
550,2019,F,1,1,1,2,2,1.0,2507507.0,João Pessoa,25.0,PB,398.0,506.4,549.8,421.6,580.0
551,2019,M,1,1,1,2,2,1.0,2507507.0,João Pessoa,25.0,PB,375.6,415.7,518.5,391.4,460.0
552,2019,M,1,3,1,2,2,1.0,2507507.0,João Pessoa,25.0,PB,512.3,556.2,527.5,500.7,760.0
553,2019,M,1,3,1,2,2,1.0,2507507.0,João Pessoa,25.0,PB,419.2,421.8,365.5,497.5,500.0
554,2019,M,1,3,1,2,2,1.0,2507507.0,João Pessoa,25.0,PB,419.4,452.3,509.5,535.3,560.0
555,2019,F,1,3,1,2,2,1.0,2507507.0,João Pessoa,25.0,PB,473.5,519.3,495.5,404.1,580.0
556,2019,M,1,1,1,2,2,1.0,2507507.0,João Pessoa,25.0,PB,436.4,519.3,590.1,619.7,660.0
557,2019,F,1,1,1,2,2,1.0,2507507.0,João Pessoa,25.0,PB,529.3,589.5,581.4,587.9,880.0
558,2019,F,1,3,1,2,2,1.0,2507507.0,João Pessoa,25.0,PB,439.2,507.6,477.7,450.4,840.0
559,2019,M,1,2,1,2,2,1.0,2507507.0,João Pessoa,25.0,PB,478.9,566.9,564.7,686.8,560.0
560,2019,F,1,1,1,2,2,1.0,2507507.0,João Pessoa,25.0,PB,522.5,556.7,524.8,583.9,600.0
561,2019,F,1,1,1,2,2,1.0,2507507.0,João Pessoa,25.0,PB,408.3,540.3,540.1,431.9,480.0
562,2019,F,1,2,1,2,2,1.0,2507507.0,João Pessoa,25.0,PB,381.1,439.3,441.2,477.3,580.0
563,2019,F,1,2,1,2,2,1.0,2507507.0,João Pessoa,25.0,PB,428.8,346.5,536.5,577.6,620.0
564,2019,M,1,1,1,2,2,1.0,2507507.0,João Pessoa,25.0,PB,607.5,621.1,542.6,762.5,800.0
565,2019,M,1,3,1,2,2,1.0,2507507.0,João Pessoa,25.0,PB,619.9,631.0,600.2,624.6,860.0
566,2019,M,1,3,1,2,2,1.0,2507507.0,João Pessoa,25.0,PB,623.1,628.1,596.9,832.4,720.0
567,2019,F,1,1,1,2,2,1.0,2507507.0,João Pessoa,25.0,PB,386.6,529.7,539.9,437.8,600.0
568,2019,F,1,3,1,2,2,1.0,2507507.0,João Pessoa,25.0,PB,569.0,567.8,617.7,577.1,680.0
569,2019,M,1,4,1,2,2,1.0,2507507.0,João Pessoa,25.0,PB,457.4,514.0,526.1,470.6,500.0
570,2019,M,1,3,1,2,2,1.0,2507507.0,João Pessoa,25.0,PB,521.2,482.7,565.9,594.7,840.0
571,2019,F,1,1,1,2,2,1.0,2507507.0,João Pessoa,25.0,PB,437.1,491.7,543.1,377.0,740.0
572,2019,F,1,4,1,2,2,1.0,2507507.0,João Pessoa,25.0,PB,555.9,573.4,564.8,527.0,740.0
573,2019,M,1,1,1,2,2,1.0,2507507.0,João Pessoa,25.0,PB,597.2,620.0,646.0,688.6,720.0
574,2019,F,0,1,1,2,2,1.0,2507507.0,João Pessoa,25.0,PB,572.6,562.6,589.9,536.9,760.0
575,2019,F,1,3,1,2,2,1.0,2507507.0,João Pessoa,25.0,PB,399.3,403.3,502.2,533.4,580.0
576,2019,M,1,3,1,2,2,1.0,2507507.0,João Pessoa,25.0,PB,404.0,515.2,476.2,398.7,620.0
577,2019,M,1,3,1,2,2,1.0,2507507.0,João Pessoa,25.0,PB,454.6,413.5,490.5,433.7,660.0
578,2019,F,1,5,1,2,2,1.0,2507507.0,João Pessoa,25.0,PB,399.1,510.6,540.7,510.4,520.0
579,2019,F,1,3,1,2,2,1.0,2507507.0,João Pessoa,25.0,PB,423.7,423.1,443.3,487.2,0.0
580,2019,F,1,1,1,2,2,1.0,2507507.0,João Pessoa,25.0,PB,417.7,452.6,503.2,367.9,600.0
581,2019,M,1,2,1,2,2,1.0,2507507.0,João Pessoa,25.0,PB,497.7,511.6,518.7,417.5,480.0
582,2019,F,1,3,1,2,2,1.0,2507507.0,João Pessoa,25.0,PB,456.4,485.7,506.6,608.8,660.0
583,2019,F,1,1,1,2,2,1.0,2507507.0,João Pessoa,25.0,PB,409.0,563.7,566.0,566.9,680.0
584,2019,F,1,3,1,2,2,1.0,2507507.0,João Pessoa,25.0,PB,394.6,386.2,367.8,407.5,600.0
585,2019,F,1,3,1,2,2,1.0,2507507.0,João Pessoa,25.0,PB,486.8,521.7,491.1,433.5,340.0
586,2019,F,1,3,1,2,2,1.0,2507507.0,João Pessoa,25.0,PB,515.7,536.4,538.8,481.2,620.0
587,2019,F,1,3,1,2,2,1.0,2507507.0,João Pessoa,25.0,PB,474.5,591.0,571.0,505.3,520.0
588,2019,F,1,3,1,2,2,1.0,2507507.0,João Pessoa,25.0,PB,383.4,493.1,512.7,482.4,660.0
589,2019,M,1,3,1,2,2,1.0,2507507.0,João Pessoa,25.0,PB,472.9,517.5,547.9,681.3,660.0
590,2019,M,1,3,1,2,2,1.0,2507507.0,João Pessoa,25.0,PB,564.2,579.1,558.6,597.9,920.0
591,2019,M,1,3,1,2,2,1.0,2507507.0,João Pessoa,25.0,PB,635.7,667.5,612.2,635.0,900.0
592,2019,M,1,3,1,2,2,1.0,2507507.0,João Pessoa,25.0,PB,476.5,476.1,488.6,549.3,820.0
593,2019,M,1,2,1,2,2,1.0,2507507.0,João Pessoa,25.0,PB,468.5,493.9,544.2,494.6,0.0
594,2019,M,1,3,1,2,2,1.0,2507507.0,João Pessoa,25.0,PB,530.2,542.0,538.0,637.5,540.0
595,2019,F,0,4,1,2,2,1.0,2507507.0,João Pessoa,25.0,PB,490.1,492.9,555.2,507.7,800.0
596,2019,M,1,1,1,2,2,1.0,2507507.0,João Pessoa,25.0,PB,493.2,361.3,454.8,499.9,480.0
597,2019,F,1,3,1,2,2,1.0,2507507.0,João Pessoa,25.0,PB,413.8,498.9,557.7,426.5,600.0
598,2019,M,1,3,1,2,2,1.0,2507507.0,João Pessoa,25.0,PB,398.2,410.0,523.3,531.9,600.0
599,2019,F,1,1,1,2,2,1.0,2507507.0,João Pessoa,25.0,PB,494.9,385.4,482.9,502.8,620.0
600,2019,M,1,3,1,2,2,1.0,2507507.0,João Pessoa,25.0,PB,540.2,515.3,526.1,613.1,640.0
601,2019,F,1,5,1,2,2,1.0,2507507.0,João Pessoa,25.0,PB,356.2,519.7,523.9,533.6,480.0
602,2019,M,1,2,1,2,2,1.0,2507507.0,João Pessoa,25.0,PB,358.2,443.2,500.6,445.9,600.0
603,2019,M,1,2,1,2,2,1.0,2507507.0,João Pessoa,25.0,PB,560.4,599.8,574.6,677.8,740.0
604,2019,F,1,3,1,2,2,1.0,2507507.0,João Pessoa,25.0,PB,519.4,547.9,560.7,543.5,880.0
605,2019,M,1,3,1,2,2,1.0,2507507.0,João Pessoa,25.0,PB,469.9,460.5,500.2,502.9,420.0
606,2019,M,1,3,1,2,2,1.0,2507507.0,João Pessoa,25.0,PB,544.2,557.7,571.4,599.3,780.0
607,2019,F,1,1,1,2,2,1.0,2507507.0,João Pessoa,25.0,PB,572.3,632.9,609.7,660.4,840.0
608,2019,F,1,3,1,2,2,1.0,2507507.0,João Pessoa,25.0,PB,459.2,591.2,576.3,531.3,740.0
609,2019,M,1,1,1,2,2,1.0,2507507.0,João Pessoa,25.0,PB,433.1,440.0,522.2,594.3,540.0
610,2019,M,1,3,1,2,2,1.0,2507507.0,João Pessoa,25.0,PB,555.1,557.1,511.0,597.1,600.0
611,2019,M,1,1,1,2,2,1.0,2507507.0,João Pessoa,25.0,PB,423.9,423.7,414.0,494.5,560.0
612,2019,M,1,1,1,2,2,1.0,2507507.0,João Pessoa,25.0,PB,487.1,599.0,506.2,519.4,560.0
613,2019,F,1,1,1,2,2,1.0,2507507.0,João Pessoa,25.0,PB,579.8,572.8,562.2,569.6,760.0
614,2019,F,1,3,1,2,2,1.0,2507507.0,João Pessoa,25.0,PB,541.4,517.4,590.1,490.8,560.0
615,2019,F,1,3,1,2,2,1.0,2507507.0,João Pessoa,25.0,PB,374.2,473.5,490.3,500.5,660.0
616,2019,M,1,1,1,2,2,1.0,2507507.0,João Pessoa,25.0,PB,466.8,568.6,576.2,574.1,840.0
617,2019,M,1,3,1,2,2,1.0,2507507.0,João Pessoa,25.0,PB,410.5,400.9,480.3,526.8,0.0
618,2019,M,1,1,1,2,2,1.0,2507507.0,João Pessoa,25.0,PB,585.5,643.3,595.2,591.4,540.0
619,2019,F,1,3,1,2,2,1.0,2507507.0,João Pessoa,25.0,PB,483.1,567.1,547.0,534.0,640.0
620,2019,M,1,5,1,2,2,1.0,2507507.0,João Pessoa,25.0,PB,486.0,517.2,446.4,690.3,960.0
621,2019,F,1,1,1,2,2,1.0,2507507.0,João Pessoa,25.0,PB,508.9,554.9,552.6,498.7,880.0
622,2019,M,1,1,1,2,2,1.0,2507507.0,João Pessoa,25.0,PB,537.7,565.6,564.4,576.1,580.0
623,2019,M,1,3,1,2,2,1.0,2507507.0,João Pessoa,25.0,PB,395.2,379.0,543.9,536.1,560.0
624,2019,M,1,1,1,2,2,1.0,2507507.0,João Pessoa,25.0,PB,529.8,547.9,556.4,536.0,480.0
625,2019,F,1,2,1,2,2,1.0,2507507.0,João Pessoa,25.0,PB,496.6,536.6,566.8,611.1,720.0
626,2019,F,1,3,1,2,2,1.0,2507507.0,João Pessoa,25.0,PB,367.9,550.5,541.0,473.0,600.0
627,2019,F,1,3,1,2,2,1.0,2507507.0,João Pessoa,25.0,PB,457.5,466.2,567.6,605.4,380.0
628,2019,F,1,3,1,2,2,1.0,2507507.0,João Pessoa,25.0,PB,393.1,408.9,462.3,471.3,480.0
629,2019,M,1,1,1,2,2,1.0,2507507.0,João Pessoa,25.0,PB,465.1,587.4,584.4,602.9,820.0
630,2019,F,1,3,1,2,2,1.0,2507507.0,João Pessoa,25.0,PB,517.5,564.6,576.9,456.5,800.0
631,2019,F,1,1,1,2,2,1.0,2507507.0,João Pessoa,25.0,PB,349.0,440.2,511.9,371.5,0.0
632,2019,M,1,3,1,2,2,1.0,2507507.0,João Pessoa,25.0,PB,533.2,437.6,531.5,558.8,600.0
633,2019,M,1,3,1,2,2,1.0,2507507.0,João Pessoa,25.0,PB,493.1,505.0,523.4,455.0,600.0
634,2019,F,1,3,1,2,2,1.0,2507507.0,João Pessoa,25.0,PB,635.0,638.3,640.2,757.7,940.0
635,2019,F,1,1,1,2,2,1.0,2507507.0,João Pessoa,25.0,PB,507.9,562.2,566.5,638.0,660.0
636,2019,F,1,1,1,2,2,1.0,2507507.0,João Pessoa,25.0,PB,549.3,581.3,602.1,426.7,720.0
637,2019,F,1,3,1,2,2,1.0,2507507.0,João Pessoa,25.0,PB,523.2,522.0,577.2,457.9,920.0
638,2019,F,1,3,1,2,2,1.0,2507507.0,João Pessoa,25.0,PB,519.5,555.4,545.0,501.5,840.0
639,2019,M,1,2,1,2,2,1.0,2507507.0,João Pessoa,25.0,PB,458.0,564.9,579.3,462.4,840.0
640,2019,M,1,2,1,2,2,1.0,2507507.0,João Pessoa,25.0,PB,496.4,501.4,411.7,397.6,680.0
641,2019,F,1,1,1,2,2,1.0,2507507.0,João Pessoa,25.0,PB,537.5,599.0,561.7,632.9,820.0
642,2019,F,1,3,1,2,2,1.0,2507507.0,João Pessoa,25.0,PB,434.6,486.1,533.7,406.9,620.0
643,2019,M,3,3,1,2,2,1.0,2507507.0,João Pessoa,25.0,PB,414.2,542.5,495.8,446.1,680.0
644,2019,M,1,3,1,2,2,1.0,2507507.0,João Pessoa,25.0,PB,581.0,602.4,576.2,648.9,960.0
645,2019,M,1,3,1,2,2,1.0,2507507.0,João Pessoa,25.0,PB,403.2,443.3,512.0,521.7,520.0
646,2019,M,0,3,1,2,2,1.0,2507507.0,João Pessoa,25.0,PB,492.4,561.3,576.0,536.9,500.0
647,2019,M,1,1,1,2,2,1.0,2507507.0,João Pessoa,25.0,PB,614.4,612.9,620.3,712.5,740.0
648,2019,F,2,1,1,2,2,1.0,2507507.0,João Pessoa,25.0,PB,400.9,429.1,475.7,415.9,340.0
649,2019,F,1,3,1,2,2,1.0,2507507.0,João Pessoa,25.0,PB,484.5,494.5,564.6,458.0,600.0
650,2019,F,1,3,1,2,2,1.0,2507507.0,João Pessoa,25.0,PB,398.9,470.8,498.1,515.9,720.0
651,2019,F,1,1,1,2,2,1.0,2507507.0,João Pessoa,25.0,PB,455.2,450.4,517.3,440.4,680.0
652,2019,M,1,3,1,2,2,1.0,2507507.0,João Pessoa,25.0,PB,450.6,549.5,524.0,575.7,560.0
653,2019,M,1,3,1,2,2,1.0,2507507.0,João Pessoa,25.0,PB,404.3,486.5,479.0,564.9,600.0
654,2019,F,1,3,1,2,2,1.0,2507507.0,João Pessoa,25.0,PB,524.7,530.4,535.1,462.1,600.0
655,2019,F,1,2,1,2,2,1.0,2507507.0,João Pessoa,25.0,PB,420.0,419.0,562.4,499.3,480.0
656,2019,F,1,1,1,2,2,1.0,2507507.0,João Pessoa,25.0,PB,542.1,583.1,595.3,446.9,740.0
657,2019,F,1,2,1,2,2,1.0,2507507.0,João Pessoa,25.0,PB,511.4,511.2,520.5,467.4,880.0
658,2019,F,1,1,1,2,2,1.0,2507507.0,João Pessoa,25.0,PB,468.8,444.8,516.7,460.2,400.0
659,2019,M,1,3,1,2,2,1.0,2507507.0,João Pessoa,25.0,PB,474.8,535.0,560.2,583.8,880.0
660,2019,M,1,3,1,2,2,1.0,2507507.0,João Pessoa,25.0,PB,477.9,428.8,521.0,492.6,480.0
661,2019,M,1,3,1,2,2,1.0,2507507.0,João Pessoa,25.0,PB,505.0,510.4,506.8,557.3,680.0
662,2019,M,1,3,1,2,2,1.0,2507507.0,João Pessoa,25.0,PB,492.1,449.3,522.7,475.9,580.0
663,2019,F,1,2,1,2,2,1.0,2507507.0,João Pessoa,25.0,PB,466.7,562.6,545.2,441.1,880.0
664,2019,M,2,3,1,2,2,1.0,2507507.0,João Pessoa,25.0,PB,560.6,580.3,579.5,671.2,660.0
665,2019,F,1,3,1,2,2,1.0,2507507.0,João Pessoa,25.0,PB,567.5,588.7,595.8,515.3,380.0
666,2019,M,1,3,1,2,2,1.0,2507507.0,João Pessoa,25.0,PB,414.3,416.8,456.0,482.4,0.0
667,2019,F,1,2,1,2,2,1.0,2507507.0,João Pessoa,25.0,PB,376.0,529.1,467.8,512.6,620.0
668,2019,M,1,3,1,2,2,1.0,2507507.0,João Pessoa,25.0,PB,449.1,390.4,530.8,429.5,0.0
669,2019,M,1,3,1,2,2,1.0,2507507.0,João Pessoa,25.0,PB,369.0,469.9,513.2,392.3,560.0
670,2019,M,1,3,1,2,2,1.0,2507507.0,João Pessoa,25.0,PB,553.4,481.0,542.7,423.4,460.0
671,2019,F,1,3,1,2,2,1.0,2507507.0,João Pessoa,25.0,PB,360.6,465.2,465.5,475.0,620.0
672,2019,M,1,1,1,2,2,1.0,2507507.0,João Pessoa,25.0,PB,444.8,520.9,510.1,441.3,500.0
673,2019,M,1,1,1,2,2,1.0,2507507.0,João Pessoa,25.0,PB,566.5,626.1,625.2,796.5,820.0
674,2019,F,1,1,1,2,2,1.0,2507507.0,João Pessoa,25.0,PB,563.0,599.2,611.0,707.3,800.0
675,2019,M,1,3,1,2,2,1.0,2507507.0,João Pessoa,25.0,PB,542.3,599.4,589.9,663.4,620.0
676,2019,F,1,3,1,2,2,1.0,2507507.0,João Pessoa,25.0,PB,382.8,538.6,565.7,507.2,480.0
677,2019,M,1,1,1,2,2,1.0,2507507.0,João Pessoa,25.0,PB,457.5,481.2,462.5,501.0,580.0
678,2019,M,0,1,1,2,2,1.0,2507507.0,João Pessoa,25.0,PB,486.2,540.7,544.3,490.9,500.0
679,2019,F,1,1,1,2,2,1.0,2507507.0,João Pessoa,25.0,PB,419.3,539.5,443.7,395.0,800.0
680,2019,F,1,1,1,2,2,1.0,2507507.0,João Pessoa,25.0,PB,542.8,582.1,580.3,428.7,780.0
681,2019,F,1,2,1,2,2,1.0,2507507.0,João Pessoa,25.0,PB,453.0,542.4,512.8,479.2,520.0
682,2019,F,1,2,1,2,2,1.0,2507507.0,João Pessoa,25.0,PB,542.3,591.7,589.7,645.2,640.0
683,2019,F,1,3,1,2,2,1.0,2507507.0,João Pessoa,25.0,PB,570.5,626.5,598.2,704.4,820.0
684,2019,F,1,3,1,2,2,1.0,2507507.0,João Pessoa,25.0,PB,446.5,593.0,560.8,661.1,960.0
685,2019,F,1,1,1,2,2,1.0,2507507.0,João Pessoa,25.0,PB,602.8,582.7,628.6,580.9,820.0
686,2019,M,1,1,1,2,2,1.0,2507507.0,João Pessoa,25.0,PB,446.1,499.4,527.5,713.3,580.0
687,2019,M,1,3,1,2,2,1.0,2507507.0,João Pessoa,25.0,PB,442.4,522.8,523.8,600.2,660.0
688,2019,M,1,3,1,2,2,1.0,2507507.0,João Pessoa,25.0,PB,460.2,485.9,573.0,493.4,440.0
689,2019,F,0,3,1,2,2,1.0,2507507.0,João Pessoa,25.0,PB,491.3,587.4,556.7,558.7,660.0
690,2019,M,1,1,1,2,2,1.0,2507507.0,João Pessoa,25.0,PB,475.2,480.7,383.1,494.7,660.0
691,2019,M,1,2,1,2,2,1.0,2507507.0,João Pessoa,25.0,PB,467.0,501.2,538.5,433.0,520.0
692,2019,F,1,3,1,2,2,1.0,2507507.0,João Pessoa,25.0,PB,509.8,505.7,403.5,390.3,740.0
693,2019,M,1,1,1,2,2,1.0,2507507.0,João Pessoa,25.0,PB,502.2,464.2,493.4,459.0,560.0
694,2019,F,1,1,1,2,2,1.0,2507507.0,João Pessoa,25.0,PB,494.2,525.7,522.3,467.3,420.0
695,2019,F,1,4,1,2,2,1.0,2507507.0,João Pessoa,25.0,PB,356.9,429.0,514.4,453.4,600.0
696,2019,M,1,1,1,2,2,1.0,2507507.0,João Pessoa,25.0,PB,423.7,535.5,480.1,505.1,500.0
697,2019,F,1,2,1,2,2,1.0,2507507.0,João Pessoa,25.0,PB,484.9,480.4,494.3,544.3,620.0
698,2019,F,1,3,1,2,2,1.0,2507507.0,João Pessoa,25.0,PB,439.2,394.7,530.7,480.0,0.0
699,2019,M,1,3,1,2,2,1.0,2507507.0,João Pessoa,25.0,PB,567.7,542.0,571.1,551.1,840.0
700,2019,M,1,4,1,2,2,1.0,2507507.0,João Pessoa,25.0,PB,539.4,579.2,539.2,628.3,620.0
701,2019,M,1,3,1,2,2,1.0,2507507.0,João Pessoa,25.0,PB,523.9,500.5,444.3,378.2,600.0
702,2019,F,1,1,1,2,2,1.0,2507507.0,João Pessoa,25.0,PB,541.8,554.9,534.0,472.1,660.0
703,2019,F,1,2,1,2,2,1.0,2507507.0,João Pessoa,25.0,PB,563.1,611.8,658.4,616.5,820.0
704,2019,F,1,4,1,2,2,1.0,2507507.0,João Pessoa,25.0,PB,365.0,486.6,468.9,404.5,460.0
705,2019,M,1,1,1,2,2,1.0,2507507.0,João Pessoa,25.0,PB,573.3,581.4,541.1,552.1,620.0
706,2019,F,1,2,1,2,2,1.0,2507507.0,João Pessoa,25.0,PB,430.7,374.4,532.0,432.8,660.0
707,2019,F,1,3,1,2,2,1.0,2507507.0,João Pessoa,25.0,PB,562.7,599.3,580.3,668.3,840.0
708,2019,F,1,3,1,2,2,1.0,2507507.0,João Pessoa,25.0,PB,494.9,559.8,581.0,458.3,580.0
709,2019,F,1,3,1,2,2,1.0,2507507.0,João Pessoa,25.0,PB,524.1,506.5,508.2,363.1,800.0
710,2019,M,1,3,1,2,2,1.0,2507507.0,João Pessoa,25.0,PB,442.8,482.9,536.5,374.5,580.0
711,2019,M,1,1,1,2,2,1.0,2507507.0,João Pessoa,25.0,PB,563.9,661.8,596.8,634.0,840.0
712,2019,M,1,1,1,2,2,1.0,2507507.0,João Pessoa,25.0,PB,618.3,674.5,602.5,732.1,700.0
713,2019,F,1,3,1,2,2,1.0,2507507.0,João Pessoa,25.0,PB,548.6,565.7,559.6,617.4,740.0
714,2019,F,1,1,1,2,2,1.0,2507507.0,João Pessoa,25.0,PB,467.6,565.1,524.3,532.1,720.0
715,2019,M,1,1,1,2,2,1.0,2507507.0,João Pessoa,25.0,PB,472.3,466.2,513.3,517.7,460.0
716,2019,M,1,1,1,2,2,1.0,2507507.0,João Pessoa,25.0,PB,479.7,550.7,503.8,526.1,600.0
717,2019,F,1,2,1,2,2,1.0,2507507.0,João Pessoa,25.0,PB,442.4,585.3,543.8,431.0,740.0
718,2019,F,1,1,1,2,2,1.0,2507507.0,João Pessoa,25.0,PB,444.6,359.9,454.8,413.1,560.0
719,2019,F,1,3,1,2,2,1.0,2507507.0,João Pessoa,25.0,PB,338.8,439.1,453.1,402.1,340.0
720,2019,M,1,3,1,2,2,1.0,2507507.0,João Pessoa,25.0,PB,506.5,480.7,374.3,495.0,580.0
721,2019,M,2,3,1,2,2,1.0,2507507.0,João Pessoa,25.0,PB,475.0,577.7,547.2,461.6,740.0
722,2019,M,1,3,1,2,2,1.0,2507507.0,João Pessoa,25.0,PB,467.0,499.1,385.7,392.7,440.0
723,2019,F,1,2,1,2,2,1.0,2507507.0,João Pessoa,25.0,PB,413.6,426.4,488.0,438.8,0.0
724,2019,M,1,3,1,2,2,1.0,2507507.0,João Pessoa,25.0,PB,451.9,580.8,581.0,601.5,540.0
725,2019,F,1,3,1,2,2,1.0,2507507.0,João Pessoa,25.0,PB,435.1,542.1,532.8,429.2,700.0
726,2019,F,1,3,1,2,2,1.0,2507507.0,João Pessoa,25.0,PB,454.8,521.1,596.5,498.7,720.0
727,2019,F,1,3,1,2,2,1.0,2507507.0,João Pessoa,25.0,PB,439.8,525.9,570.8,592.2,860.0
728,2019,F,0,3,1,2,2,1.0,2507507.0,João Pessoa,25.0,PB,541.9,609.6,576.9,618.2,860.0
729,2019,F,1,4,1,2,2,1.0,2507507.0,João Pessoa,25.0,PB,442.6,561.7,570.4,450.8,520.0
730,2019,M,1,1,1,2,2,1.0,2507507.0,João Pessoa,25.0,PB,393.7,543.9,569.8,653.0,860.0
731,2019,M,1,2,1,2,2,1.0,2507507.0,João Pessoa,25.0,PB,433.2,537.9,484.4,588.1,560.0
732,2019,M,1,1,1,2,2,1.0,2507507.0,João Pessoa,25.0,PB,653.1,664.3,537.6,745.1,940.0
733,2019,M,1,3,1,2,2,1.0,2507507.0,João Pessoa,25.0,PB,570.9,535.2,548.5,663.6,840.0
734,2019,F,1,3,1,2,2,1.0,2507507.0,João Pessoa,25.0,PB,372.5,485.6,430.1,407.9,580.0
735,2019,F,1,3,1,2,2,1.0,2507507.0,João Pessoa,25.0,PB,361.3,553.2,477.2,487.7,660.0
736,2019,F,1,3,1,2,2,1.0,2507507.0,João Pessoa,25.0,PB,381.7,466.7,412.8,509.7,520.0
737,2019,M,1,3,1,2,2,1.0,2507507.0,João Pessoa,25.0,PB,413.6,472.9,513.7,501.7,580.0
738,2019,F,1,3,1,2,2,1.0,2507507.0,João Pessoa,25.0,PB,557.9,515.4,547.1,525.0,800.0
739,2019,M,1,1,1,2,2,1.0,2507507.0,João Pessoa,25.0,PB,458.5,434.4,512.1,474.3,620.0
740,2019,M,1,3,1,2,2,1.0,2507507.0,João Pessoa,25.0,PB,448.2,490.2,528.8,402.3,640.0
741,2019,M,1,2,1,2,2,1.0,2507507.0,João Pessoa,25.0,PB,377.5,432.7,450.2,403.5,680.0
742,2019,F,1,3,1,2,2,1.0,2507507.0,João Pessoa,25.0,PB,421.8,485.5,518.0,441.9,460.0
743,2019,M,1,3,1,2,2,1.0,2507507.0,João Pessoa,25.0,PB,480.3,531.2,467.2,365.8,580.0
744,2019,F,1,3,1,2,2,1.0,2507507.0,João Pessoa,25.0,PB,559.3,448.0,606.9,591.7,840.0
745,2019,F,1,3,1,2,2,1.0,2507507.0,João Pessoa,25.0,PB,390.1,394.9,458.5,512.0,620.0
746,2019,M,1,2,1,2,2,1.0,2507507.0,João Pessoa,25.0,PB,527.7,612.0,625.8,638.4,880.0
747,2019,F,1,1,1,2,2,1.0,2507507.0,João Pessoa,25.0,PB,554.5,569.5,582.7,547.7,780.0
748,2019,F,1,2,1,2,2,1.0,2507507.0,João Pessoa,25.0,PB,369.7,389.8,523.7,456.0,420.0
749,2019,M,1,1,1,2,2,1.0,2507507.0,João Pessoa,25.0,PB,532.4,609.0,606.8,698.5,740.0
750,2019,M,0,3,1,2,2,1.0,2507507.0,João Pessoa,25.0,PB,464.0,576.3,545.5,443.4,720.0
751,2019,F,1,3,1,2,2,1.0,2507507.0,João Pessoa,25.0,PB,361.1,437.9,515.3,386.8,480.0
752,2019,M,1,1,1,2,2,1.0,2507507.0,João Pessoa,25.0,PB,546.8,550.1,561.9,451.7,520.0
753,2019,M,1,1,1,2,2,1.0,2507507.0,João Pessoa,25.0,PB,454.1,557.5,548.5,480.1,800.0
754,2019,M,1,3,1,2,2,1.0,2507507.0,João Pessoa,25.0,PB,526.4,534.0,538.6,479.9,660.0
755,2019,F,1,3,1,2,2,1.0,2507507.0,João Pessoa,25.0,PB,367.9,521.6,567.7,646.8,640.0
756,2019,F,1,1,1,2,2,1.0,2507507.0,João Pessoa,25.0,PB,557.3,536.0,539.7,511.0,720.0
757,2019,M,1,1,1,2,2,1.0,2507507.0,João Pessoa,25.0,PB,382.5,441.7,367.5,411.1,280.0
758,2019,M,1,3,1,2,2,1.0,2507507.0,João Pessoa,25.0,PB,385.1,385.9,461.6,639.0,520.0
759,2019,M,1,1,1,2,2,1.0,2507507.0,João Pessoa,25.0,PB,452.8,490.2,406.3,397.1,680.0
760,2019,F,1,2,1,2,2,1.0,2507507.0,João Pessoa,25.0,PB,390.1,519.3,517.3,474.8,580.0
761,2019,F,1,4,1,2,2,1.0,2507507.0,João Pessoa,25.0,PB,479.3,508.4,581.1,377.7,900.0
762,2019,M,1,1,1,2,2,1.0,2507507.0,João Pessoa,25.0,PB,455.2,566.7,541.6,406.6,520.0
763,2019,F,1,1,1,2,2,1.0,2507507.0,João Pessoa,25.0,PB,416.3,475.1,446.6,409.2,640.0
764,2019,M,1,1,1,2,2,1.0,2507507.0,João Pessoa,25.0,PB,483.7,560.6,532.5,430.3,940.0
765,2019,M,1,3,1,2,2,1.0,2507507.0,João Pessoa,25.0,PB,514.3,627.6,593.4,531.0,820.0
766,2019,F,1,3,1,2,2,1.0,2507507.0,João Pessoa,25.0,PB,468.2,582.9,555.0,640.8,580.0
767,2019,M,1,1,1,2,2,1.0,2507507.0,João Pessoa,25.0,PB,395.7,491.1,532.6,409.7,600.0
768,2019,F,1,1,1,2,2,1.0,2507507.0,João Pessoa,25.0,PB,523.7,541.3,549.1,454.1,780.0
769,2019,F,1,2,1,2,2,1.0,2507507.0,João Pessoa,25.0,PB,516.3,545.6,542.8,380.2,720.0
770,2019,F,1,1,1,2,2,1.0,2507507.0,João Pessoa,25.0,PB,392.3,394.0,505.4,370.5,540.0
771,2019,F,1,2,1,2,2,1.0,2507507.0,João Pessoa,25.0,PB,543.0,442.4,538.6,418.1,720.0
772,2019,F,1,3,1,2,2,1.0,2507507.0,João Pessoa,25.0,PB,559.7,617.4,615.3,505.0,760.0
773,2019,M,1,3,1,2,2,1.0,2507507.0,João Pessoa,25.0,PB,385.3,424.9,426.9,483.3,600.0
774,2019,F,1,1,1,2,2,1.0,2507507.0,João Pessoa,25.0,PB,493.2,517.5,527.7,542.7,560.0
775,2019,M,1,3,1,2,2,1.0,2507507.0,João Pessoa,25.0,PB,426.8,0.0,0.0,521.1,700.0
776,2019,F,1,1,1,2,2,1.0,2507507.0,João Pessoa,25.0,PB,600.4,578.3,540.0,613.8,820.0
777,2019,M,1,1,1,2,2,1.0,2507507.0,João Pessoa,25.0,PB,531.2,563.9,564.8,614.4,880.0
778,2019,F,1,1,1,2,2,1.0,2507507.0,João Pessoa,25.0,PB,569.6,620.1,597.2,634.7,680.0
779,2019,F,1,3,1,2,2,1.0,2507507.0,João Pessoa,25.0,PB,522.5,526.0,565.3,658.9,620.0
780,2019,M,3,3,1,2,2,1.0,2507507.0,João Pessoa,25.0,PB,487.8,547.2,534.6,579.5,680.0
781,2019,F,1,3,1,2,2,1.0,2507507.0,João Pessoa,25.0,PB,366.0,368.9,502.2,549.2,560.0
782,2019,F,1,3,1,2,2,1.0,2507507.0,João Pessoa,25.0,PB,514.1,550.4,549.2,457.5,620.0
783,2019,F,1,1,1,2,2,1.0,2507507.0,João Pessoa,25.0,PB,477.7,557.7,525.0,522.6,440.0
784,2019,F,1,1,1,2,2,1.0,2507507.0,João Pessoa,25.0,PB,496.6,579.9,568.3,565.5,760.0
785,2019,M,1,3,1,2,2,1.0,2507507.0,João Pessoa,25.0,PB,395.1,414.9,448.5,527.9,760.0
786,2019,F,1,1,1,2,2,1.0,2507507.0,João Pessoa,25.0,PB,453.0,487.2,498.6,386.9,460.0
787,2019,F,1,1,1,2,2,1.0,2507507.0,João Pessoa,25.0,PB,500.0,544.3,551.5,597.7,800.0
788,2019,F,1,3,1,2,2,1.0,2507507.0,João Pessoa,25.0,PB,608.4,628.0,612.5,789.8,880.0
789,2019,F,1,3,1,2,2,1.0,2507507.0,João Pessoa,25.0,PB,392.1,521.2,575.0,436.2,600.0
790,2019,F,1,3,1,2,2,1.0,2507507.0,João Pessoa,25.0,PB,402.8,438.4,518.6,388.9,480.0
791,2019,F,1,2,1,2,2,1.0,2507507.0,João Pessoa,25.0,PB,451.9,559.0,574.3,536.7,660.0
792,2019,F,1,3,1,2,2,1.0,2507507.0,João Pessoa,25.0,PB,489.7,519.1,519.2,496.7,600.0
793,2019,F,3,3,1,2,2,1.0,2507507.0,João Pessoa,25.0,PB,563.5,617.1,630.6,523.6,720.0
794,2019,F,1,2,1,2,2,1.0,2507507.0,João Pessoa,25.0,PB,493.1,415.4,474.6,417.0,880.0
795,2019,M,1,1,1,2,2,1.0,2507507.0,João Pessoa,25.0,PB,542.1,580.0,540.7,498.4,820.0
796,2019,F,1,3,1,2,2,1.0,2507507.0,João Pessoa,25.0,PB,470.6,497.7,451.5,388.9,400.0
797,2019,F,1,3,1,2,2,1.0,2507507.0,João Pessoa,25.0,PB,510.9,485.6,464.9,636.4,840.0
798,2019,F,1,3,1,2,2,1.0,2507507.0,João Pessoa,25.0,PB,471.8,471.9,492.3,425.3,680.0
799,2019,M,1,3,1,2,2,1.0,2507507.0,João Pessoa,25.0,PB,432.9,547.7,532.6,586.0,640.0
800,2019,F,1,1,1,2,2,1.0,2507507.0,João Pessoa,25.0,PB,438.8,536.4,558.7,539.0,660.0
801,2019,M,1,3,1,2,2,1.0,2507507.0,João Pessoa,25.0,PB,535.5,590.1,552.0,685.4,920.0
802,2019,M,1,2,1,2,2,1.0,2507507.0,João Pessoa,25.0,PB,550.5,555.2,538.4,506.4,620.0
803,2019,F,1,3,1,2,2,1.0,2507507.0,João Pessoa,25.0,PB,557.5,573.3,589.9,512.5,600.0
804,2019,F,1,1,1,2,2,1.0,2507507.0,João Pessoa,25.0,PB,472.4,620.3,553.7,519.3,860.0
805,2019,F,0,1,1,2,2,1.0,2507507.0,João Pessoa,25.0,PB,397.8,513.2,521.3,499.5,480.0
806,2019,F,1,3,1,2,2,1.0,2507507.0,João Pessoa,25.0,PB,428.2,439.8,443.9,400.3,360.0
807,2019,F,1,1,1,2,2,1.0,2507507.0,João Pessoa,25.0,PB,476.6,584.3,577.4,530.0,800.0
808,2019,F,1,0,1,2,2,1.0,2507507.0,João Pessoa,25.0,PB,571.8,659.0,627.3,725.7,820.0
809,2019,M,1,2,1,2,2,1.0,2507507.0,João Pessoa,25.0,PB,507.7,605.3,550.6,587.6,600.0
810,2019,F,1,3,1,2,2,1.0,2507507.0,João Pessoa,25.0,PB,575.1,568.3,610.0,605.1,900.0
811,2019,M,1,2,1,2,2,1.0,2507507.0,João Pessoa,25.0,PB,464.9,577.9,577.5,598.9,780.0
812,2019,F,1,3,1,2,2,1.0,2507507.0,João Pessoa,25.0,PB,456.1,586.4,543.3,493.9,560.0
813,2019,F,1,3,1,2,2,1.0,2507507.0,João Pessoa,25.0,PB,448.1,502.4,516.1,497.7,560.0
814,2019,F,1,3,1,2,2,1.0,2507507.0,João Pessoa,25.0,PB,546.3,610.9,579.0,690.9,760.0
815,2019,M,1,1,1,2,2,1.0,2507507.0,João Pessoa,25.0,PB,450.9,488.1,465.2,464.8,300.0
816,2019,F,1,3,1,2,2,1.0,2507507.0,João Pessoa,25.0,PB,514.1,531.6,541.4,494.2,460.0
817,2019,M,1,3,1,2,2,1.0,2507507.0,João Pessoa,25.0,PB,605.4,557.8,588.6,674.5,600.0
818,2019,F,1,3,1,2,2,1.0,2507507.0,João Pessoa,25.0,PB,401.6,457.0,491.5,390.3,440.0
819,2019,M,1,2,1,2,2,1.0,2507507.0,João Pessoa,25.0,PB,460.3,542.1,532.5,441.1,760.0
820,2019,M,1,1,1,2,2,1.0,2507507.0,João Pessoa,25.0,PB,460.5,615.1,567.6,530.2,800.0
821,2019,M,1,2,1,2,2,1.0,2507507.0,João Pessoa,25.0,PB,407.8,458.0,436.0,496.2,0.0
822,2019,M,1,1,1,2,2,1.0,2507507.0,João Pessoa,25.0,PB,527.5,565.5,585.7,477.3,740.0
823,2019,M,1,1,1,2,2,1.0,2507507.0,João Pessoa,25.0,PB,468.8,523.3,543.4,632.7,520.0
824,2019,F,1,3,1,2,2,1.0,2507507.0,João Pessoa,25.0,PB,384.7,475.9,541.5,472.5,640.0
825,2019,F,1,1,1,2,2,1.0,2507507.0,João Pessoa,25.0,PB,500.4,521.7,507.7,398.3,640.0
826,2019,M,1,3,1,2,2,1.0,2507507.0,João Pessoa,25.0,PB,522.1,516.9,552.9,526.4,860.0
827,2019,F,1,3,1,2,2,1.0,2507507.0,João Pessoa,25.0,PB,408.3,373.2,490.7,372.5,600.0
828,2019,F,1,3,1,2,2,1.0,2507507.0,João Pessoa,25.0,PB,526.3,577.5,597.8,503.0,900.0
829,2019,F,1,3,1,2,2,1.0,2507507.0,João Pessoa,25.0,PB,440.5,552.1,511.4,559.9,620.0
830,2019,M,1,3,1,2,2,1.0,2507507.0,João Pessoa,25.0,PB,421.0,439.1,366.2,520.5,600.0
831,2019,M,1,3,1,2,2,1.0,2507507.0,João Pessoa,25.0,PB,610.2,652.5,630.4,737.7,840.0
832,2019,M,1,3,1,2,2,1.0,2507507.0,João Pessoa,25.0,PB,508.7,599.8,592.3,480.5,860.0
833,2019,F,1,2,1,2,2,1.0,2507507.0,João Pessoa,25.0,PB,471.0,463.1,520.8,464.6,640.0
834,2019,F,1,3,1,2,2,1.0,2507507.0,João Pessoa,25.0,PB,447.0,369.3,446.0,401.7,280.0
835,2019,F,1,3,1,2,2,1.0,2507507.0,João Pessoa,25.0,PB,379.1,495.9,417.9,395.2,500.0
836,2019,M,1,1,1,2,2,1.0,2507507.0,João Pessoa,25.0,PB,390.9,530.0,366.6,566.3,720.0
837,2019,F,1,3,1,2,2,1.0,2507507.0,João Pessoa,25.0,PB,494.5,586.1,589.5,537.9,820.0
838,2019,F,0,4,1,2,2,1.0,2507507.0,João Pessoa,25.0,PB,385.3,458.6,523.6,443.4,480.0
839,2019,F,1,1,1,2,2,1.0,2507507.0,João Pessoa,25.0,PB,540.0,587.0,575.2,575.5,660.0
840,2019,F,1,3,1,2,2,1.0,2507507.0,João Pessoa,25.0,PB,402.4,390.3,381.5,508.1,640.0
841,2019,M,1,1,1,2,2,1.0,2507507.0,João Pessoa,25.0,PB,598.8,602.2,540.1,775.5,980.0
842,2019,F,1,1,1,2,2,1.0,2507507.0,João Pessoa,25.0,PB,336.0,416.6,398.4,433.8,580.0
843,2019,F,1,3,1,2,2,1.0,2507507.0,João Pessoa,25.0,PB,476.6,448.2,472.2,405.1,660.0
844,2019,M,2,2,1,2,2,1.0,2507507.0,João Pessoa,25.0,PB,373.9,459.7,498.9,501.8,460.0
845,2019,F,1,2,1,2,2,1.0,2507507.0,João Pessoa,25.0,PB,380.5,477.0,512.7,428.2,620.0
846,2019,F,1,3,1,2,2,1.0,2507507.0,João Pessoa,25.0,PB,349.4,473.6,491.3,509.5,520.0
847,2019,F,1,3,1,2,2,1.0,2507507.0,João Pessoa,25.0,PB,401.0,458.8,481.5,456.2,660.0
848,2019,F,1,5,1,2,2,1.0,2507507.0,João Pessoa,25.0,PB,401.5,438.9,491.1,527.9,540.0
849,2019,M,1,3,1,2,2,1.0,2507507.0,João Pessoa,25.0,PB,391.1,399.3,474.2,412.8,680.0
850,2019,M,1,2,1,2,2,1.0,2507507.0,João Pessoa,25.0,PB,444.4,408.1,562.6,522.9,700.0
851,2019,M,1,1,1,2,2,1.0,2507507.0,João Pessoa,25.0,PB,602.4,678.1,561.8,570.5,860.0
852,2019,M,1,3,1,2,2,1.0,2507507.0,João Pessoa,25.0,PB,526.4,563.4,549.5,562.4,840.0
853,2019,F,1,3,1,2,2,1.0,2507507.0,João Pessoa,25.0,PB,546.0,565.1,555.8,572.4,760.0
854,2019,M,1,3,1,2,2,1.0,2507507.0,João Pessoa,25.0,PB,398.4,527.7,476.7,589.7,480.0
855,2019,M,1,0,1,2,2,1.0,2507507.0,João Pessoa,25.0,PB,444.6,472.7,532.6,561.7,500.0
856,2019,M,1,1,1,2,2,1.0,2507507.0,João Pessoa,25.0,PB,599.4,545.1,566.7,555.2,700.0
857,2019,M,1,1,1,2,2,1.0,2507507.0,João Pessoa,25.0,PB,345.6,391.2,484.2,485.5,620.0
858,2019,F,1,3,1,2,2,1.0,2507507.0,João Pessoa,25.0,PB,487.7,523.9,552.9,550.4,760.0
859,2019,F,1,3,1,2,2,1.0,2507507.0,João Pessoa,25.0,PB,502.9,565.7,535.4,596.9,840.0
860,2019,F,1,2,1,2,2,1.0,2507507.0,João Pessoa,25.0,PB,411.0,454.3,487.5,439.3,600.0
861,2019,M,1,3,1,2,2,1.0,2507507.0,João Pessoa,25.0,PB,506.8,523.1,546.8,490.1,620.0
862,2019,M,1,3,1,2,2,1.0,2507507.0,João Pessoa,25.0,PB,541.5,366.3,507.4,649.3,780.0
863,2019,F,1,1,1,2,2,1.0,2507507.0,João Pessoa,25.0,PB,470.5,559.9,489.9,465.0,720.0
864,2019,F,1,2,1,2,2,1.0,2507507.0,João Pessoa,25.0,PB,410.4,468.0,453.5,460.6,460.0
865,2019,F,1,2,1,2,2,1.0,2507507.0,João Pessoa,25.0,PB,499.7,512.2,538.7,422.5,560.0
866,2019,M,1,3,1,2,2,1.0,2507507.0,João Pessoa,25.0,PB,646.7,728.1,649.1,680.2,920.0
867,2019,M,1,1,1,2,2,1.0,2507507.0,João Pessoa,25.0,PB,624.7,630.9,589.9,703.7,620.0
868,2019,F,0,3,1,2,2,1.0,2507507.0,João Pessoa,25.0,PB,417.0,532.8,548.9,469.0,580.0
869,2019,M,3,1,1,2,2,1.0,2507507.0,João Pessoa,25.0,PB,356.5,533.2,596.7,447.2,720.0
870,2019,M,1,2,1,2,2,1.0,2507507.0,João Pessoa,25.0,PB,476.4,515.3,530.0,448.0,660.0
871,2019,M,1,3,1,2,2,1.0,2507507.0,João Pessoa,25.0,PB,375.5,465.1,434.0,441.4,440.0
872,2019,M,1,3,1,2,2,1.0,2507507.0,João Pessoa,25.0,PB,500.1,456.0,529.7,523.7,480.0
873,2019,M,0,3,1,2,2,1.0,2507507.0,João Pessoa,25.0,PB,436.3,536.3,510.6,421.9,540.0
874,2019,M,1,3,1,2,2,1.0,2507507.0,João Pessoa,25.0,PB,670.7,664.2,635.5,863.0,720.0
875,2019,F,1,3,1,2,2,1.0,2507507.0,João Pessoa,25.0,PB,535.6,519.5,518.5,417.2,620.0
876,2019,F,1,1,1,2,2,1.0,2507507.0,João Pessoa,25.0,PB,611.0,605.5,615.0,768.1,940.0
877,2019,M,1,3,1,2,2,1.0,2507507.0,João Pessoa,25.0,PB,491.5,592.6,546.3,588.2,880.0
878,2019,M,1,3,1,2,2,1.0,2507507.0,João Pessoa,25.0,PB,592.7,608.9,599.9,623.7,620.0
879,2019,M,1,2,1,2,2,1.0,2507507.0,João Pessoa,25.0,PB,389.8,558.3,539.0,607.6,740.0
880,2019,M,1,1,1,2,2,1.0,2507507.0,João Pessoa,25.0,PB,505.2,598.0,639.5,534.1,920.0
881,2019,M,1,1,1,2,2,1.0,2507507.0,João Pessoa,25.0,PB,377.8,394.2,480.1,464.4,840.0
882,2019,M,1,3,1,2,2,1.0,2507507.0,João Pessoa,25.0,PB,512.6,589.9,581.1,581.8,880.0
883,2019,M,1,2,1,2,2,1.0,2507507.0,João Pessoa,25.0,PB,500.2,442.1,454.3,406.9,520.0
884,2019,M,1,3,1,2,2,1.0,2507507.0,João Pessoa,25.0,PB,465.3,592.7,587.1,572.1,680.0
885,2019,F,1,3,1,2,2,1.0,2507507.0,João Pessoa,25.0,PB,432.0,481.0,516.2,451.2,760.0
886,2019,M,1,4,1,2,2,1.0,2507507.0,João Pessoa,25.0,PB,421.0,540.6,545.5,439.4,580.0
887,2019,F,1,3,1,2,2,1.0,2507507.0,João Pessoa,25.0,PB,477.0,407.1,452.2,390.9,260.0
888,2019,F,1,1,1,2,2,1.0,2507507.0,João Pessoa,25.0,PB,421.9,526.7,551.1,565.7,580.0
889,2019,M,1,1,1,2,2,1.0,2507507.0,João Pessoa,25.0,PB,568.2,568.7,629.6,701.9,800.0
890,2019,M,1,3,1,2,2,1.0,2507507.0,João Pessoa,25.0,PB,399.1,418.4,439.5,535.5,600.0
891,2019,M,1,2,1,2,2,1.0,2507507.0,João Pessoa,25.0,PB,406.8,362.4,413.4,542.8,600.0
892,2019,M,1,3,1,2,2,1.0,2507507.0,João Pessoa,25.0,PB,419.0,403.9,419.5,393.9,560.0
893,2019,F,1,3,1,2,2,1.0,2507507.0,João Pessoa,25.0,PB,447.4,414.4,476.8,432.4,480.0
894,2019,M,1,3,1,2,2,1.0,2507507.0,João Pessoa,25.0,PB,577.0,605.6,599.7,654.6,860.0
895,2019,F,1,3,1,2,2,1.0,2507507.0,João Pessoa,25.0,PB,499.5,0.0,523.3,399.3,760.0
896,2019,M,1,3,1,2,2,1.0,2507507.0,João Pessoa,25.0,PB,490.5,587.0,498.9,494.0,880.0
897,2019,M,1,1,1,2,2,1.0,2507507.0,João Pessoa,25.0,PB,438.0,523.2,508.9,606.1,520.0
898,2019,M,0,1,1,2,2,1.0,2507507.0,João Pessoa,25.0,PB,451.2,575.0,541.1,462.5,600.0
899,2019,F,1,2,1,2,2,1.0,2507507.0,João Pessoa,25.0,PB,459.6,542.0,498.9,365.6,580.0
900,2019,M,1,0,1,2,2,1.0,2507507.0,João Pessoa,25.0,PB,520.3,563.5,512.5,530.8,720.0
901,2019,F,1,3,1,2,2,1.0,2507507.0,João Pessoa,25.0,PB,469.2,599.0,567.1,593.9,680.0
902,2019,M,1,3,1,2,2,1.0,2507507.0,João Pessoa,25.0,PB,568.2,633.2,594.9,591.5,700.0
903,2019,M,1,3,1,2,2,1.0,2507507.0,João Pessoa,25.0,PB,441.5,526.6,502.7,470.4,620.0
904,2019,M,1,3,1,2,2,1.0,2507507.0,João Pessoa,25.0,PB,417.4,470.4,467.8,386.5,520.0
905,2019,M,1,2,1,2,2,1.0,2507507.0,João Pessoa,25.0,PB,562.7,606.8,606.9,536.4,620.0
906,2019,F,1,3,1,2,2,1.0,2507507.0,João Pessoa,25.0,PB,383.5,531.4,561.2,422.5,520.0
907,2019,F,1,3,1,2,2,1.0,2507507.0,João Pessoa,25.0,PB,445.9,470.4,512.9,497.4,840.0
908,2019,F,1,3,1,2,2,1.0,2507507.0,João Pessoa,25.0,PB,542.5,510.5,502.4,639.6,740.0
909,2019,M,0,0,1,2,2,1.0,2507507.0,João Pessoa,25.0,PB,457.1,461.7,515.4,579.6,580.0
910,2019,M,1,3,1,2,2,1.0,2507507.0,João Pessoa,25.0,PB,575.4,559.2,539.4,650.8,540.0
911,2019,F,1,2,1,2,2,1.0,2507507.0,João Pessoa,25.0,PB,515.6,584.1,565.8,402.2,620.0
912,2019,M,1,2,1,2,2,1.0,2507507.0,João Pessoa,25.0,PB,495.0,575.8,419.2,437.6,660.0
913,2019,M,1,3,1,2,2,1.0,2507507.0,João Pessoa,25.0,PB,548.5,456.0,505.8,592.9,720.0
914,2019,M,1,1,1,2,2,1.0,2507507.0,João Pessoa,25.0,PB,492.9,491.5,538.9,489.8,560.0
915,2019,F,1,1,1,2,2,1.0,2507507.0,João Pessoa,25.0,PB,532.4,549.1,567.5,477.3,560.0
916,2019,F,1,2,1,2,2,1.0,2507507.0,João Pessoa,25.0,PB,525.4,582.8,544.0,607.7,700.0
917,2019,M,1,3,1,2,2,1.0,2507507.0,João Pessoa,25.0,PB,510.5,436.1,509.0,581.4,640.0
918,2019,F,1,4,1,2,2,1.0,2507507.0,João Pessoa,25.0,PB,416.8,496.9,480.0,415.2,480.0
919,2019,M,1,1,1,2,2,1.0,2507507.0,João Pessoa,25.0,PB,412.0,544.2,472.8,412.0,560.0
920,2019,F,1,3,1,2,2,1.0,2507507.0,João Pessoa,25.0,PB,538.7,558.5,582.0,638.4,680.0
921,2019,F,1,1,1,2,2,1.0,2507507.0,João Pessoa,25.0,PB,409.2,465.8,471.3,389.1,580.0
922,2019,F,1,1,1,2,2,1.0,2507507.0,João Pessoa,25.0,PB,516.1,563.5,515.7,625.1,700.0
923,2019,M,1,1,1,2,2,1.0,2507507.0,João Pessoa,25.0,PB,436.8,521.4,512.4,492.1,460.0
924,2019,F,1,1,1,2,2,1.0,2507507.0,João Pessoa,25.0,PB,410.8,366.3,392.1,456.9,680.0
925,2019,F,1,3,1,2,2,1.0,2507507.0,João Pessoa,25.0,PB,367.9,408.1,488.2,471.8,720.0
926,2019,M,1,3,1,2,2,1.0,2507507.0,João Pessoa,25.0,PB,465.0,511.0,510.8,675.5,680.0
927,2019,F,1,1,1,2,2,1.0,2507507.0,João Pessoa,25.0,PB,530.9,623.8,566.6,462.2,540.0
928,2019,F,1,3,1,2,2,1.0,2507507.0,João Pessoa,25.0,PB,466.5,488.7,573.0,468.7,700.0
929,2019,F,1,1,1,2,2,1.0,2507507.0,João Pessoa,25.0,PB,612.5,640.0,621.8,763.9,860.0
930,2019,F,0,2,1,2,2,1.0,2507507.0,João Pessoa,25.0,PB,376.7,556.5,522.2,561.6,540.0
931,2019,F,1,3,1,2,2,1.0,2507507.0,João Pessoa,25.0,PB,527.5,593.6,528.4,624.4,760.0
932,2019,F,1,3,1,2,2,1.0,2507507.0,João Pessoa,25.0,PB,467.7,585.3,583.4,600.2,840.0
933,2019,M,1,5,1,2,2,1.0,2507507.0,João Pessoa,25.0,PB,399.0,423.6,369.2,392.4,320.0
934,2019,M,1,1,1,2,2,1.0,2507507.0,João Pessoa,25.0,PB,545.5,555.5,587.4,630.2,560.0
935,2019,F,1,2,1,2,2,1.0,2507507.0,João Pessoa,25.0,PB,510.2,548.9,567.6,424.0,920.0
936,2019,F,1,3,1,2,2,1.0,2507507.0,João Pessoa,25.0,PB,387.2,580.2,574.7,536.2,620.0
937,2019,M,1,3,1,2,2,1.0,2507507.0,João Pessoa,25.0,PB,429.1,335.7,397.1,389.1,600.0
938,2019,F,1,0,1,2,2,1.0,2507507.0,João Pessoa,25.0,PB,433.1,544.5,508.1,514.6,520.0
939,2019,F,1,1,1,2,2,1.0,2507507.0,João Pessoa,25.0,PB,547.5,516.5,560.6,546.9,760.0
940,2019,F,1,3,1,2,2,1.0,2507507.0,João Pessoa,25.0,PB,435.7,496.8,514.8,440.8,580.0
941,2019,F,1,3,1,2,2,1.0,2507507.0,João Pessoa,25.0,PB,495.8,545.6,537.1,510.2,700.0
942,2019,F,1,2,1,2,2,1.0,2507507.0,João Pessoa,25.0,PB,439.2,492.1,491.0,384.6,560.0
943,2019,F,1,3,1,2,2,1.0,2507507.0,João Pessoa,25.0,PB,402.2,499.1,500.2,501.3,760.0
944,2019,F,1,1,1,2,2,1.0,2507507.0,João Pessoa,25.0,PB,410.5,451.2,486.1,496.1,600.0
945,2019,M,1,3,1,2,2,1.0,2507507.0,João Pessoa,25.0,PB,396.1,499.6,518.8,404.8,640.0
946,2019,M,1,1,1,2,2,1.0,2507507.0,João Pessoa,25.0,PB,430.4,462.1,496.0,476.7,660.0
947,2019,M,1,3,1,2,2,1.0,2507507.0,João Pessoa,25.0,PB,354.2,476.2,471.2,380.3,380.0
948,2019,F,1,3,1,2,2,1.0,2507507.0,João Pessoa,25.0,PB,465.7,405.8,459.7,499.8,580.0
949,2019,F,1,1,1,2,2,1.0,2507507.0,João Pessoa,25.0,PB,348.5,486.7,538.0,628.5,540.0
950,2019,F,1,1,1,2,2,1.0,2507507.0,João Pessoa,25.0,PB,400.1,393.7,471.8,360.5,460.0
951,2019,M,1,3,1,2,2,1.0,2507507.0,João Pessoa,25.0,PB,457.5,533.9,552.7,506.8,640.0
952,2019,F,1,3,1,2,2,1.0,2507507.0,João Pessoa,25.0,PB,495.6,517.4,584.7,599.0,780.0
953,2019,M,1,3,1,2,2,1.0,2507507.0,João Pessoa,25.0,PB,536.7,402.2,617.7,620.1,820.0
954,2019,M,1,2,1,2,2,1.0,2507507.0,João Pessoa,25.0,PB,532.7,598.1,538.7,658.3,680.0
955,2019,F,1,1,1,2,2,1.0,2507507.0,João Pessoa,25.0,PB,485.3,563.4,589.3,612.9,520.0
956,2019,F,1,4,1,2,2,1.0,2507507.0,João Pessoa,25.0,PB,480.8,504.7,563.2,460.7,680.0
957,2019,M,1,3,1,2,2,1.0,2507507.0,João Pessoa,25.0,PB,533.8,564.8,576.2,617.9,680.0
958,2019,M,1,3,1,2,2,1.0,2507507.0,João Pessoa,25.0,PB,403.1,531.2,539.7,634.4,580.0
959,2019,F,1,3,1,2,2,1.0,2507507.0,João Pessoa,25.0,PB,507.1,491.4,558.0,486.4,560.0
960,2019,M,1,3,1,2,2,1.0,2507507.0,João Pessoa,25.0,PB,440.5,363.9,509.0,440.6,800.0
961,2019,M,1,3,1,2,2,1.0,2507507.0,João Pessoa,25.0,PB,451.9,497.2,545.4,468.7,260.0
962,2019,F,1,1,1,2,2,1.0,2507507.0,João Pessoa,25.0,PB,544.3,534.4,607.7,458.5,500.0
963,2019,F,1,2,1,2,2,1.0,2507507.0,João Pessoa,25.0,PB,466.3,459.1,483.5,452.8,600.0
964,2019,F,1,3,1,2,2,1.0,2507507.0,João Pessoa,25.0,PB,387.2,445.0,503.9,427.0,500.0
965,2019,M,1,3,1,2,2,1.0,2507507.0,João Pessoa,25.0,PB,565.0,620.7,636.3,744.6,860.0
966,2019,M,1,2,1,2,2,1.0,2507507.0,João Pessoa,25.0,PB,436.2,524.5,524.6,457.3,480.0
967,2019,M,1,1,1,2,2,1.0,2507507.0,João Pessoa,25.0,PB,504.0,535.5,571.3,563.9,660.0
968,2019,M,1,2,1,2,2,1.0,2507507.0,João Pessoa,25.0,PB,416.1,545.4,569.5,635.7,920.0
969,2019,F,1,3,1,2,2,1.0,2507507.0,João Pessoa,25.0,PB,416.7,480.1,443.2,422.9,740.0
970,2019,M,1,3,1,2,2,1.0,2507507.0,João Pessoa,25.0,PB,577.3,542.6,541.9,720.8,680.0
971,2019,F,1,3,1,2,2,1.0,2507507.0,João Pessoa,25.0,PB,409.4,490.0,516.7,565.4,720.0
972,2019,F,1,3,1,2,2,1.0,2507507.0,João Pessoa,25.0,PB,536.3,583.9,598.0,575.7,640.0
973,2019,M,1,0,1,2,2,1.0,2507507.0,João Pessoa,25.0,PB,623.6,689.1,673.5,720.6,960.0
974,2019,F,1,1,1,2,2,1.0,2507507.0,João Pessoa,25.0,PB,532.8,555.4,561.3,607.3,900.0
975,2019,M,1,2,1,2,2,1.0,2507507.0,João Pessoa,25.0,PB,406.6,538.0,546.4,440.4,640.0
976,2019,F,1,3,1,2,2,1.0,2507507.0,João Pessoa,25.0,PB,477.5,563.8,589.7,418.2,540.0
977,2019,M,0,2,1,2,2,1.0,2507507.0,João Pessoa,25.0,PB,420.2,432.7,503.8,579.6,660.0
978,2019,F,1,1,1,2,2,1.0,2507507.0,João Pessoa,25.0,PB,458.1,572.5,554.2,495.8,620.0
979,2019,F,1,3,1,2,2,1.0,2507507.0,João Pessoa,25.0,PB,489.4,546.3,528.0,475.0,680.0
980,2019,M,1,3,1,2,2,1.0,2507507.0,João Pessoa,25.0,PB,555.8,555.5,538.6,579.3,840.0
981,2019,F,1,3,1,2,2,1.0,2507507.0,João Pessoa,25.0,PB,447.4,430.2,495.3,493.6,840.0
982,2019,M,1,3,1,2,2,1.0,2507507.0,João Pessoa,25.0,PB,606.9,623.4,561.8,663.0,740.0
983,2019,F,1,1,1,2,2,1.0,2507507.0,João Pessoa,25.0,PB,514.6,526.4,558.4,581.9,600.0
984,2019,M,1,3,1,2,2,1.0,2507507.0,João Pessoa,25.0,PB,598.9,599.2,565.3,542.9,560.0
985,2019,F,1,3,1,2,2,1.0,2507507.0,João Pessoa,25.0,PB,538.6,548.8,580.3,407.8,980.0
986,2019,M,1,2,1,2,2,1.0,2507507.0,João Pessoa,25.0,PB,446.2,472.1,538.4,531.1,400.0
987,2019,M,1,1,1,2,2,1.0,2507507.0,João Pessoa,25.0,PB,400.4,448.3,435.6,424.9,300.0
988,2019,F,1,3,1,2,2,1.0,2507507.0,João Pessoa,25.0,PB,477.1,437.0,485.1,399.4,600.0
989,2019,F,1,3,1,2,2,1.0,2507507.0,João Pessoa,25.0,PB,475.0,363.7,440.8,430.3,520.0
990,2019,F,1,3,1,2,2,1.0,2507507.0,João Pessoa,25.0,PB,566.5,625.2,599.0,658.2,780.0
991,2019,M,1,3,1,2,2,1.0,2507507.0,João Pessoa,25.0,PB,535.9,606.8,590.5,490.2,660.0
992,2019,F,1,3,1,2,2,1.0,2507507.0,João Pessoa,25.0,PB,395.6,505.6,518.9,396.5,0.0
993,2019,F,1,4,1,2,2,1.0,2507507.0,João Pessoa,25.0,PB,432.1,552.6,574.7,385.5,720.0
994,2019,M,1,2,1,2,2,1.0,2507507.0,João Pessoa,25.0,PB,462.8,567.0,544.8,569.5,520.0
995,2019,M,1,4,1,2,2,1.0,2507507.0,João Pessoa,25.0,PB,541.0,492.2,458.3,532.9,500.0
996,2019,M,1,3,1,2,2,1.0,2507507.0,João Pessoa,25.0,PB,570.8,521.2,559.6,733.8,920.0
997,2019,F,1,3,1,2,2,1.0,2507507.0,João Pessoa,25.0,PB,422.2,490.5,511.8,426.8,760.0
998,2019,F,1,4,1,2,2,1.0,2507507.0,João Pessoa,25.0,PB,407.0,453.2,516.1,443.0,640.0
999,2019,F,1,2,1,2,2,1.0,2507507.0,João Pessoa,25.0,PB,563.5,572.4,579.6,579.7,840.0
1000,2019,F,1,2,1,2,2,1.0,2507507.0,João Pessoa,25.0,PB,425.7,439.7,407.6,375.6,640.0
1001,2019,M,1,2,1,2,2,1.0,2507507.0,João Pessoa,25.0,PB,448.4,505.9,531.9,545.8,580.0
1002,2019,M,1,3,1,2,2,1.0,2507507.0,João Pessoa,25.0,PB,394.0,414.6,412.4,553.7,520.0
1003,2019,F,1,3,1,2,2,1.0,2507507.0,João Pessoa,25.0,PB,350.6,525.6,499.6,564.0,580.0
1004,2019,M,1,3,1,2,2,1.0,2507507.0,João Pessoa,25.0,PB,518.7,590.2,573.1,496.0,960.0
1005,2019,M,1,2,1,2,2,1.0,2507507.0,João Pessoa,25.0,PB,542.6,516.7,542.6,680.2,940.0
1006,2019,M,1,3,1,2,2,1.0,2507507.0,João Pessoa,25.0,PB,524.0,490.7,486.5,523.2,580.0
1007,2019,F,1,2,1,2,2,1.0,2507507.0,João Pessoa,25.0,PB,488.3,547.4,582.0,643.0,640.0
1008,2019,F,1,3,1,2,2,1.0,2507507.0,João Pessoa,25.0,PB,533.0,555.1,545.4,529.7,720.0
1009,2019,F,1,3,1,2,2,1.0,2507507.0,João Pessoa,25.0,PB,378.2,508.8,547.1,466.6,740.0
1010,2019,F,1,3,1,2,2,1.0,2507507.0,João Pessoa,25.0,PB,416.2,377.5,484.7,455.9,680.0
1011,2019,F,1,3,1,2,2,1.0,2507507.0,João Pessoa,25.0,PB,380.7,422.9,502.6,421.7,280.0
1012,2019,F,1,3,1,2,2,1.0,2507507.0,João Pessoa,25.0,PB,497.3,548.4,551.0,517.6,680.0
1013,2019,F,0,1,1,2,2,1.0,2507507.0,João Pessoa,25.0,PB,442.4,548.3,586.8,518.8,660.0
1014,2019,F,1,1,1,2,2,1.0,2507507.0,João Pessoa,25.0,PB,613.9,656.7,601.6,730.3,780.0
1015,2019,F,1,3,1,2,2,1.0,2507507.0,João Pessoa,25.0,PB,399.3,598.4,470.4,567.1,700.0
1016,2019,M,1,2,1,2,2,1.0,2507507.0,João Pessoa,25.0,PB,500.6,492.4,547.0,527.9,600.0
1017,2019,M,1,3,1,2,2,1.0,2507507.0,João Pessoa,25.0,PB,538.7,585.5,607.3,570.7,600.0
1018,2019,F,0,2,1,2,2,1.0,2507507.0,João Pessoa,25.0,PB,423.5,386.7,350.0,432.2,600.0
1019,2019,F,1,3,1,2,2,1.0,2507507.0,João Pessoa,25.0,PB,345.3,459.0,417.9,440.5,540.0
1020,2019,F,1,1,1,2,2,1.0,2507507.0,João Pessoa,25.0,PB,519.3,601.5,598.3,630.5,660.0
1021,2019,F,1,3,1,2,2,1.0,2507507.0,João Pessoa,25.0,PB,485.7,458.5,498.3,420.5,680.0
1022,2019,F,1,3,1,2,2,1.0,2507507.0,João Pessoa,25.0,PB,468.6,474.5,504.7,637.1,620.0
1023,2019,F,1,1,1,2,2,1.0,2507507.0,João Pessoa,25.0,PB,451.9,544.9,450.1,386.6,720.0
1024,2019,F,1,1,1,2,2,1.0,2507507.0,João Pessoa,25.0,PB,447.6,563.9,512.8,411.8,800.0
1025,2019,F,1,3,1,2,2,1.0,2507507.0,João Pessoa,25.0,PB,645.3,632.9,629.2,782.4,800.0
1026,2019,F,1,3,1,2,2,1.0,2507507.0,João Pessoa,25.0,PB,399.3,470.6,486.8,446.1,620.0
1027,2019,M,1,1,1,2,2,1.0,2507507.0,João Pessoa,25.0,PB,532.3,591.9,575.4,584.9,780.0
1028,2019,F,1,3,1,2,2,1.0,2507507.0,João Pessoa,25.0,PB,353.9,429.7,502.9,447.7,580.0
1029,2019,F,1,1,1,2,2,1.0,2507507.0,João Pessoa,25.0,PB,593.9,630.1,634.3,682.2,940.0
1030,2019,M,1,3,1,2,2,1.0,2507507.0,João Pessoa,25.0,PB,554.1,609.9,602.5,630.2,600.0
1031,2019,F,1,3,1,2,2,1.0,2507507.0,João Pessoa,25.0,PB,584.9,541.6,595.2,571.3,800.0
1032,2019,M,1,3,1,2,2,1.0,2507507.0,João Pessoa,25.0,PB,609.3,633.9,608.6,737.1,880.0
1033,2019,F,1,1,1,2,2,1.0,2507507.0,João Pessoa,25.0,PB,570.7,584.3,608.0,690.9,560.0
1034,2019,M,1,5,1,2,2,1.0,2507507.0,João Pessoa,25.0,PB,398.8,343.6,496.6,408.7,480.0
1035,2019,F,1,1,1,2,2,1.0,2507507.0,João Pessoa,25.0,PB,534.3,544.3,510.9,469.9,760.0
1036,2019,F,1,1,1,2,2,1.0,2507507.0,João Pessoa,25.0,PB,445.0,351.5,489.2,470.8,0.0
1037,2019,M,1,0,1,2,2,1.0,2507507.0,João Pessoa,25.0,PB,381.9,487.2,524.8,529.3,0.0
1038,2019,F,1,3,1,2,2,1.0,2507507.0,João Pessoa,25.0,PB,460.9,459.3,442.3,384.7,500.0
1039,2019,M,1,3,1,2,2,1.0,2507507.0,João Pessoa,25.0,PB,561.2,530.5,591.5,691.0,840.0
1040,2019,F,1,3,1,2,2,1.0,2507507.0,João Pessoa,25.0,PB,495.2,552.3,494.6,534.4,620.0
1041,2019,M,0,4,1,2,2,1.0,2507507.0,João Pessoa,25.0,PB,570.2,596.5,608.8,631.8,840.0
1042,2019,F,1,3,1,2,2,1.0,2507507.0,João Pessoa,25.0,PB,486.0,483.9,576.6,473.7,700.0
1043,2019,F,1,1,1,2,2,1.0,2507507.0,João Pessoa,25.0,PB,383.6,395.3,468.4,544.9,680.0
1044,2019,M,1,3,1,2,2,1.0,2507507.0,João Pessoa,25.0,PB,506.1,610.8,570.6,652.3,920.0
1045,2019,M,1,1,1,2,2,1.0,2507507.0,João Pessoa,25.0,PB,462.9,508.0,594.1,594.5,760.0
1046,2019,F,1,3,1,2,2,1.0,2507507.0,João Pessoa,25.0,PB,485.6,507.8,444.6,414.1,500.0
1047,2019,F,1,3,1,2,2,1.0,2507507.0,João Pessoa,25.0,PB,501.0,530.9,485.7,558.6,660.0
1048,2019,F,1,3,1,2,2,1.0,2507507.0,João Pessoa,25.0,PB,413.0,351.5,468.9,532.1,540.0
1049,2019,M,1,1,1,2,2,1.0,2507507.0,João Pessoa,25.0,PB,392.7,553.4,565.5,540.7,860.0
1050,2019,F,1,3,1,2,2,1.0,2507507.0,João Pessoa,25.0,PB,385.8,450.9,481.4,496.6,560.0
1051,2019,M,1,1,1,2,2,1.0,2507507.0,João Pessoa,25.0,PB,484.5,562.0,565.7,650.2,780.0
1052,2019,F,1,1,1,2,2,1.0,2507507.0,João Pessoa,25.0,PB,339.3,470.0,427.5,514.7,700.0
1053,2019,F,1,4,1,2,2,1.0,2507507.0,João Pessoa,25.0,PB,475.9,474.7,515.7,399.9,720.0
1054,2019,F,1,3,1,2,2,1.0,2507507.0,João Pessoa,25.0,PB,376.5,417.4,426.3,417.8,540.0
1055,2019,F,1,3,1,2,2,1.0,2507507.0,João Pessoa,25.0,PB,505.9,485.7,394.7,406.9,600.0
1056,2019,F,1,2,1,2,2,1.0,2507507.0,João Pessoa,25.0,PB,481.2,519.8,548.0,508.4,580.0
1057,2019,M,1,1,1,2,2,1.0,2507507.0,João Pessoa,25.0,PB,565.5,539.5,523.2,508.5,580.0
1058,2019,F,1,2,1,2,2,1.0,2507507.0,João Pessoa,25.0,PB,434.6,526.2,588.6,402.8,880.0
1059,2019,F,1,2,1,2,2,1.0,2507507.0,João Pessoa,25.0,PB,527.3,532.8,571.0,533.9,640.0
1060,2019,M,1,3,1,2,2,1.0,2507507.0,João Pessoa,25.0,PB,503.9,477.1,494.7,606.1,680.0
1061,2019,F,1,3,1,2,2,1.0,2507507.0,João Pessoa,25.0,PB,523.6,522.2,542.3,560.7,0.0
1062,2019,M,1,4,1,2,2,1.0,2507507.0,João Pessoa,25.0,PB,569.4,560.7,543.7,560.0,520.0
1063,2019,F,1,3,1,2,2,1.0,2507507.0,João Pessoa,25.0,PB,462.2,468.5,506.5,370.1,500.0
1064,2019,F,1,3,1,2,2,1.0,2507507.0,João Pessoa,25.0,PB,390.4,446.0,491.0,437.5,500.0
1065,2019,F,1,3,1,2,2,1.0,2507507.0,João Pessoa,25.0,PB,460.3,535.0,580.5,376.4,700.0
1066,2019,M,1,2,1,2,2,1.0,2507507.0,João Pessoa,25.0,PB,489.1,564.5,572.3,440.8,720.0
1067,2019,M,1,3,1,2,2,1.0,2507507.0,João Pessoa,25.0,PB,532.3,608.4,576.9,558.6,940.0
1068,2019,F,1,2,1,2,2,1.0,2507507.0,João Pessoa,25.0,PB,523.2,422.7,469.6,402.7,500.0
1069,2019,F,1,3,1,2,2,1.0,2507507.0,João Pessoa,25.0,PB,412.0,461.6,505.7,486.9,520.0
1070,2019,F,1,1,1,2,2,1.0,2507507.0,João Pessoa,25.0,PB,375.8,477.0,462.1,554.4,460.0
1071,2019,F,1,4,1,2,2,1.0,2507507.0,João Pessoa,25.0,PB,567.3,595.5,553.1,595.9,660.0
1072,2019,M,1,1,1,2,2,1.0,2507507.0,João Pessoa,25.0,PB,504.1,541.9,557.7,624.0,620.0
1073,2019,F,1,3,1,2,2,1.0,2507507.0,João Pessoa,25.0,PB,422.6,482.8,451.6,387.2,0.0
1074,2019,F,1,2,1,2,2,1.0,2507507.0,João Pessoa,25.0,PB,372.1,530.1,486.0,425.6,640.0
1075,2019,M,1,3,1,2,2,1.0,2507507.0,João Pessoa,25.0,PB,534.9,586.7,598.3,513.4,620.0
1076,2019,M,1,3,1,2,2,1.0,2507507.0,João Pessoa,25.0,PB,410.9,525.5,539.4,482.9,600.0
1077,2019,M,1,1,1,2,2,1.0,2507507.0,João Pessoa,25.0,PB,537.3,592.4,575.5,586.1,880.0
1078,2019,M,1,1,1,2,2,1.0,2507507.0,João Pessoa,25.0,PB,392.3,495.2,471.1,397.7,580.0
